,,,LLEGADA_RELOJ,,,FIN_CONTROL_RELOJ,,,,,,,RESULTADO_DE_CONTROL,,EMPLEADO_1,,EMPLEADO_2,,EMPLEADO_3,,,,,,,Reloj_0,,Reloj_1,,Reloj_2,,Reloj_3,,Reloj_4,,Reloj_5,,Reloj_6,,Reloj_7,,Reloj_8,,Reloj_9,,Reloj_10,,Reloj_11,,Reloj_12,,Reloj_13,,Reloj_14,,Reloj_15,,Reloj_16,,Reloj_17,,Reloj_18,,Reloj_19,,Reloj_20,,Reloj_21,,Reloj_22,,Reloj_23,,Reloj_24,,Reloj_25,,Reloj_26,,Reloj_27,,Reloj_28,,Reloj_29,,Reloj_30,,Reloj_31,,Reloj_32,,Reloj_33,,Reloj_34,,Reloj_35,,Reloj_36,,Reloj_37,,Reloj_38,,Reloj_39,,Reloj_40,,Reloj_41,,Reloj_42,,Reloj_43,,Reloj_44,,Reloj_45,,Reloj_46,,Reloj_47,,Reloj_48,,Reloj_49,,Reloj_50,,Reloj_51,,Reloj_52,,Reloj_53,,Reloj_54,,Reloj_55,,Reloj_56,,Reloj_57,,Reloj_58,,Reloj_59,,Reloj_60,,Reloj_61,,Reloj_62,,Reloj_63,,Reloj_64,,Reloj_65,,Reloj_66,,Reloj_67,,Reloj_68,,Reloj_69,,Reloj_70,
NRO,EVENTO,RELOJ,RND,TIEMPO,LLEGADA_RELOJ,RND1,RND2,TIEMPO1,TIEMPO2,FIN_CONTROL_EMP1,FIN_CONTROL_EMP2,FIN_CONTROL_EMP3,RND,RESULTADO,ESTADO,ACUM_OCUPACION,ESTADO,ACUM_OCUPACION,ESTADO,ACUM_OCUPACION,COLA_RELOJES,ACUM_TIEMPO_ESPERA_RELOJ,CONT_RELOJES,CONT_RELOJES_TERMINADOS,ACUM_TIEMPO_RELOJ_SISTEMA,ESTADO, TIEMPO_LLEGADA,ESTADO, TIEMPO_LLEGADA,ESTADO, TIEMPO_LLEGADA,ESTADO, TIEMPO_LLEGADA,ESTADO, TIEMPO_LLEGADA,ESTADO, TIEMPO_LLEGADA,ESTADO, TIEMPO_LLEGADA,ESTADO, TIEMPO_LLEGADA,ESTADO, TIEMPO_LLEGADA,ESTADO, TIEMPO_LLEGADA,ESTADO, TIEMPO_LLEGADA,ESTADO, TIEMPO_LLEGADA,ESTADO, TIEMPO_LLEGADA,ESTADO, TIEMPO_LLEGADA,ESTADO, TIEMPO_LLEGADA,ESTADO, TIEMPO_LLEGADA,ESTADO, TIEMPO_LLEGADA,ESTADO, TIEMPO_LLEGADA,ESTADO, TIEMPO_LLEGADA,ESTADO, TIEMPO_LLEGADA,ESTADO, TIEMPO_LLEGADA,ESTADO, TIEMPO_LLEGADA,ESTADO, TIEMPO_LLEGADA,ESTADO, TIEMPO_LLEGADA,ESTADO, TIEMPO_LLEGADA,ESTADO, TIEMPO_LLEGADA,ESTADO, TIEMPO_LLEGADA,ESTADO, TIEMPO_LLEGADA,ESTADO, TIEMPO_LLEGADA,ESTADO, TIEMPO_LLEGADA,ESTADO, TIEMPO_LLEGADA,ESTADO, TIEMPO_LLEGADA,ESTADO, TIEMPO_LLEGADA,ESTADO, TIEMPO_LLEGADA,ESTADO, TIEMPO_LLEGADA,ESTADO, TIEMPO_LLEGADA,ESTADO, TIEMPO_LLEGADA,ESTADO, TIEMPO_LLEGADA,ESTADO, TIEMPO_LLEGADA,ESTADO, TIEMPO_LLEGADA,ESTADO, TIEMPO_LLEGADA,ESTADO, TIEMPO_LLEGADA,ESTADO, TIEMPO_LLEGADA,ESTADO, TIEMPO_LLEGADA,ESTADO, TIEMPO_LLEGADA,ESTADO, TIEMPO_LLEGADA,ESTADO, TIEMPO_LLEGADA,ESTADO, TIEMPO_LLEGADA,ESTADO, TIEMPO_LLEGADA,ESTADO, TIEMPO_LLEGADA,ESTADO, TIEMPO_LLEGADA,ESTADO, TIEMPO_LLEGADA,ESTADO, TIEMPO_LLEGADA,ESTADO, TIEMPO_LLEGADA,ESTADO, TIEMPO_LLEGADA,ESTADO, TIEMPO_LLEGADA,ESTADO, TIEMPO_LLEGADA,ESTADO, TIEMPO_LLEGADA,ESTADO, TIEMPO_LLEGADA,ESTADO, TIEMPO_LLEGADA,ESTADO, TIEMPO_LLEGADA,ESTADO, TIEMPO_LLEGADA,ESTADO, TIEMPO_LLEGADA,ESTADO, TIEMPO_LLEGADA,ESTADO, TIEMPO_LLEGADA,ESTADO, TIEMPO_LLEGADA,ESTADO, TIEMPO_LLEGADA,ESTADO, TIEMPO_LLEGADA,ESTADO, TIEMPO_LLEGADA,ESTADO, TIEMPO_LLEGADA,ESTADO, TIEMPO_LLEGADA
1,init,0,0.13,0.08,0.08,,,,,,,,,,Libre,0,Libre,0,Libre,0,0,0,0,0,0,,,,,,,,,,,,,,,,,,,,,,,,,,,,,,,,,,,,,,,,,,,,,,,,,,,,,,,,,,,,,,,,,,,,,,,,,,,,,,,,,,,,,,,,,,,,,,,,,,,,,,,,,,,,,,,,,,,,,,,,,,,,,,,,,,,,,,,,,,,,,,
2,LlegadaReloj,0.08,0.59,0.53,0.61,0.71,0.31,4.45,5.67,4.53,,,,,Ocupado,0,Libre,0,Libre,0,0,0,1,0,0,Siendo_Controlado_Emp1,0.08,,,,,,,,,,,,,,,,,,,,,,,,,,,,,,,,,,,,,,,,,,,,,,,,,,,,,,,,,,,,,,,,,,,,,,,,,,,,,,,,,,,,,,,,,,,,,,,,,,,,,,,,,,,,,,,,,,,,,,,,,,,,,,,,,,,,,,,,,,,,
3,LlegadaReloj,0.61,0.06,0.03,0.64,0.71,0.31,4.45,5.67,4.53,6.28,,,,Ocupado,0.53,Ocupado,0,Libre,0,0,0,2,0,0,Siendo_Controlado_Emp1,0.08,Siendo_Controlado_Emp2,0.61,,,,,,,,,,,,,,,,,,,,,,,,,,,,,,,,,,,,,,,,,,,,,,,,,,,,,,,,,,,,,,,,,,,,,,,,,,,,,,,,,,,,,,,,,,,,,,,,,,,,,,,,,,,,,,,,,,,,,,,,,,,,,,,,,,,,,,,,,,
4,LlegadaReloj,0.64,0.38,0.28,0.92,0.74,0.28,4.61,5.76,4.53,6.28,5.25,,,Ocupado,0.55,Ocupado,0.02,Ocupado,0,0,0,3,0,0,Siendo_Controlado_Emp1,0.08,Siendo_Controlado_Emp2,0.61,Siendo_Controlado_Emp3,0.64,,,,,,,,,,,,,,,,,,,,,,,,,,,,,,,,,,,,,,,,,,,,,,,,,,,,,,,,,,,,,,,,,,,,,,,,,,,,,,,,,,,,,,,,,,,,,,,,,,,,,,,,,,,,,,,,,,,,,,,,,,,,,,,,,,,,,,,,
5,LlegadaReloj,0.92,0.84,1.09,2.01,0.74,0.28,4.61,5.76,4.53,6.28,5.25,,,Ocupado,0.83,Ocupado,0.3,Ocupado,0.28,1,0,4,0,0,Siendo_Controlado_Emp1,0.08,Siendo_Controlado_Emp2,0.61,Siendo_Controlado_Emp3,0.64,En_Cola,0.92,,,,,,,,,,,,,,,,,,,,,,,,,,,,,,,,,,,,,,,,,,,,,,,,,,,,,,,,,,,,,,,,,,,,,,,,,,,,,,,,,,,,,,,,,,,,,,,,,,,,,,,,,,,,,,,,,,,,,,,,,,,,,,,,,,,,,,
6,LlegadaReloj,2.01,0.95,1.79,3.8,0.74,0.28,4.61,5.76,4.53,6.28,5.25,,,Ocupado,1.91,Ocupado,1.38,Ocupado,1.36,2,1.0899999833106992,5,0,0,Siendo_Controlado_Emp1,0.08,Siendo_Controlado_Emp2,0.61,Siendo_Controlado_Emp3,0.64,En_Cola,0.92,En_Cola,2.01,,,,,,,,,,,,,,,,,,,,,,,,,,,,,,,,,,,,,,,,,,,,,,,,,,,,,,,,,,,,,,,,,,,,,,,,,,,,,,,,,,,,,,,,,,,,,,,,,,,,,,,,,,,,,,,,,,,,,,,,,,,,,,,,,,,,
7,LlegadaReloj,3.8,0.9,1.38,5.18,0.74,0.28,4.61,5.76,4.53,6.28,5.25,,,Ocupado,3.7,Ocupado,3.17,Ocupado,3.15,3,4.670000002384185,6,0,0,Siendo_Controlado_Emp1,0.08,Siendo_Controlado_Emp2,0.61,Siendo_Controlado_Emp3,0.64,En_Cola,0.92,En_Cola,2.01,En_Cola,3.8,,,,,,,,,,,,,,,,,,,,,,,,,,,,,,,,,,,,,,,,,,,,,,,,,,,,,,,,,,,,,,,,,,,,,,,,,,,,,,,,,,,,,,,,,,,,,,,,,,,,,,,,,,,,,,,,,,,,,,,,,,,,,,,,,,
8,FinControlReloj_1,4.53,,,5.18,0.74,0.28,4.61,5.76,4.53,6.28,5.25,0.99,Fallado,Ocupado,4.43,Ocupado,3.9,Ocupado,3.88,2,6.860000145435333,6,1,4.45,Fallado,0.08,Siendo_Controlado_Emp2,0.61,Siendo_Controlado_Emp3,0.64,Siendo_Controlado_Emp1,0.92,En_Cola,2.01,En_Cola,3.8,,,,,,,,,,,,,,,,,,,,,,,,,,,,,,,,,,,,,,,,,,,,,,,,,,,,,,,,,,,,,,,,,,,,,,,,,,,,,,,,,,,,,,,,,,,,,,,,,,,,,,,,,,,,,,,,,,,,,,,,,,,,,,,,,,
9,LlegadaReloj,5.18,0.92,1.51,6.69,0.74,0.28,4.61,5.76,4.53,6.28,5.25,,,Ocupado,5.06,Ocupado,4.54,Ocupado,4.52,3,8.159999725818633,7,1,4.45,Fallado,0.08,Siendo_Controlado_Emp2,0.61,Siendo_Controlado_Emp3,0.64,Siendo_Controlado_Emp1,0.92,En_Cola,2.01,En_Cola,3.8,En_Cola,5.18,,,,,,,,,,,,,,,,,,,,,,,,,,,,,,,,,,,,,,,,,,,,,,,,,,,,,,,,,,,,,,,,,,,,,,,,,,,,,,,,,,,,,,,,,,,,,,,,,,,,,,,,,,,,,,,,,,,,,,,,,,,,,,,,
10,FinControlReloj_3,5.25,,,6.69,0.31,0.71,4.67,4.29,4.53,6.28,5.25,0.16,OK,Ocupado,5.14,Ocupado,4.61,Ocupado,4.59,2,8.370000240802764,7,2,9.06,Fallado,0.08,Siendo_Controlado_Emp2,0.61,OK,0.64,Siendo_Controlado_Emp1,0.92,Siendo_Controlado_Emp3,2.01,En_Cola,3.8,En_Cola,5.18,,,,,,,,,,,,,,,,,,,,,,,,,,,,,,,,,,,,,,,,,,,,,,,,,,,,,,,,,,,,,,,,,,,,,,,,,,,,,,,,,,,,,,,,,,,,,,,,,,,,,,,,,,,,,,,,,,,,,,,,,,,,,,,,
11,FinControlReloj_2,6.28,,,6.69,0.31,0.71,4.67,4.29,4.53,6.28,5.25,0.29,OK,Ocupado,6.17,Ocupado,5.64,Ocupado,5.62,1,10.430000240802764,7,3,14.73,Fallado,0.08,OK,0.61,OK,0.64,Siendo_Controlado_Emp1,0.92,Siendo_Controlado_Emp3,2.01,Siendo_Controlado_Emp2,3.8,En_Cola,5.18,,,,,,,,,,,,,,,,,,,,,,,,,,,,,,,,,,,,,,,,,,,,,,,,,,,,,,,,,,,,,,,,,,,,,,,,,,,,,,,,,,,,,,,,,,,,,,,,,,,,,,,,,,,,,,,,,,,,,,,,,,,,,,,,
12,LlegadaReloj,6.69,0.44,0.34,7.03,0.31,0.71,4.67,4.29,4.53,6.28,5.25,,,Ocupado,6.57,Ocupado,6.04,Ocupado,6.02,2,10.840000030994414,8,3,14.73,Fallado,0.08,OK,0.61,OK,0.64,Siendo_Controlado_Emp1,0.92,Siendo_Controlado_Emp3,2.01,Siendo_Controlado_Emp2,3.8,En_Cola,5.18,En_Cola,6.69,,,,,,,,,,,,,,,,,,,,,,,,,,,,,,,,,,,,,,,,,,,,,,,,,,,,,,,,,,,,,,,,,,,,,,,,,,,,,,,,,,,,,,,,,,,,,,,,,,,,,,,,,,,,,,,,,,,,,,,,,,,,,,
13,LlegadaReloj,7.03,0.12,0.07,7.1,0.31,0.71,4.67,4.29,4.53,6.28,5.25,,,Ocupado,6.9,Ocupado,6.37,Ocupado,6.35,3,11.519999916553497,9,3,14.73,Fallado,0.08,OK,0.61,OK,0.64,Siendo_Controlado_Emp1,0.92,Siendo_Controlado_Emp3,2.01,Siendo_Controlado_Emp2,3.8,En_Cola,5.18,En_Cola,6.69,En_Cola,7.03,,,,,,,,,,,,,,,,,,,,,,,,,,,,,,,,,,,,,,,,,,,,,,,,,,,,,,,,,,,,,,,,,,,,,,,,,,,,,,,,,,,,,,,,,,,,,,,,,,,,,,,,,,,,,,,,,,,,,,,,,,,,
14,LlegadaReloj,7.1,0.8,0.96,8.05,0.31,0.71,4.67,4.29,4.53,6.28,5.25,,,Ocupado,6.96,Ocupado,6.43,Ocupado,6.41,4,11.729999287128447,10,3,14.73,Fallado,0.08,OK,0.61,OK,0.64,Siendo_Controlado_Emp1,0.92,Siendo_Controlado_Emp3,2.01,Siendo_Controlado_Emp2,3.8,En_Cola,5.18,En_Cola,6.69,En_Cola,7.03,En_Cola,7.1,,,,,,,,,,,,,,,,,,,,,,,,,,,,,,,,,,,,,,,,,,,,,,,,,,,,,,,,,,,,,,,,,,,,,,,,,,,,,,,,,,,,,,,,,,,,,,,,,,,,,,,,,,,,,,,,,,,,,,,,,,
15,LlegadaReloj,8.05,0.89,1.32,9.37,0.31,0.71,4.67,4.29,4.53,6.28,5.25,,,Ocupado,7.91,Ocupado,7.38,Ocupado,7.36,5,15.529999668598176,11,3,14.73,Fallado,0.08,OK,0.61,OK,0.64,Siendo_Controlado_Emp1,0.92,Siendo_Controlado_Emp3,2.01,Siendo_Controlado_Emp2,3.8,En_Cola,5.18,En_Cola,6.69,En_Cola,7.03,En_Cola,7.1,En_Cola,8.05,,,,,,,,,,,,,,,,,,,,,,,,,,,,,,,,,,,,,,,,,,,,,,,,,,,,,,,,,,,,,,,,,,,,,,,,,,,,,,,,,,,,,,,,,,,,,,,,,,,,,,,,,,,,,,,,,,,,,,,,
16,LlegadaReloj,9.37,0.54,0.46,9.83,0.31,0.71,4.67,4.29,4.53,6.28,5.25,,,Ocupado,9.22,Ocupado,8.69,Ocupado,8.67,6,22.129998714923858,12,3,14.73,Fallado,0.08,OK,0.61,OK,0.64,Siendo_Controlado_Emp1,0.92,Siendo_Controlado_Emp3,2.01,Siendo_Controlado_Emp2,3.8,En_Cola,5.18,En_Cola,6.69,En_Cola,7.03,En_Cola,7.1,En_Cola,8.05,En_Cola,9.37,,,,,,,,,,,,,,,,,,,,,,,,,,,,,,,,,,,,,,,,,,,,,,,,,,,,,,,,,,,,,,,,,,,,,,,,,,,,,,,,,,,,,,,,,,,,,,,,,,,,,,,,,,,,,,,,,,,,,,
17,LlegadaReloj,9.83,0.93,1.59,11.42,0.31,0.71,4.67,4.29,4.53,6.28,5.25,,,Ocupado,9.68,Ocupado,9.15,Ocupado,9.13,7,24.889999401569366,13,3,14.73,Fallado,0.08,OK,0.61,OK,0.64,Siendo_Controlado_Emp1,0.92,Siendo_Controlado_Emp3,2.01,Siendo_Controlado_Emp2,3.8,En_Cola,5.18,En_Cola,6.69,En_Cola,7.03,En_Cola,7.1,En_Cola,8.05,En_Cola,9.37,En_Cola,9.83,,,,,,,,,,,,,,,,,,,,,,,,,,,,,,,,,,,,,,,,,,,,,,,,,,,,,,,,,,,,,,,,,,,,,,,,,,,,,,,,,,,,,,,,,,,,,,,,,,,,,,,,,,,,,,,,,,,,
18,FinControlReloj_5,9.92,,,11.42,0.69,0.8,5.08,3.92,4.53,6.28,5.25,0.31,OK,Ocupado,9.77,Ocupado,9.24,Ocupado,9.22,6,25.519999935626984,13,4,22.64,Fallado,0.08,OK,0.61,OK,0.64,Siendo_Controlado_Emp1,0.92,OK,2.01,Siendo_Controlado_Emp2,3.8,Siendo_Controlado_Emp3,5.18,En_Cola,6.69,En_Cola,7.03,En_Cola,7.1,En_Cola,8.05,En_Cola,9.37,En_Cola,9.83,,,,,,,,,,,,,,,,,,,,,,,,,,,,,,,,,,,,,,,,,,,,,,,,,,,,,,,,,,,,,,,,,,,,,,,,,,,,,,,,,,,,,,,,,,,,,,,,,,,,,,,,,,,,,,,,,,,,
19,FinControlReloj_4,10.29,,,11.42,0.69,0.8,5.08,3.92,4.53,6.28,5.25,0.15,OK,Ocupado,10.13,Ocupado,9.6,Ocupado,9.58,5,27.739999477863307,13,5,32.01,Fallado,0.08,OK,0.61,OK,0.64,OK,0.92,OK,2.01,Siendo_Controlado_Emp2,3.8,Siendo_Controlado_Emp3,5.18,Siendo_Controlado_Emp1,6.69,En_Cola,7.03,En_Cola,7.1,En_Cola,8.05,En_Cola,9.37,En_Cola,9.83,,,,,,,,,,,,,,,,,,,,,,,,,,,,,,,,,,,,,,,,,,,,,,,,,,,,,,,,,,,,,,,,,,,,,,,,,,,,,,,,,,,,,,,,,,,,,,,,,,,,,,,,,,,,,,,,,,,,
20,FinControlReloj_6,10.57,,,11.42,0.55,0.6,4.18,4.35,4.53,6.28,5.25,0.97,Fallado,Ocupado,10.41,Ocupado,9.88,Ocupado,9.86,4,29.139999668598172,13,6,38.78,Fallado,0.08,OK,0.61,OK,0.64,OK,0.92,OK,2.01,Fallado,3.8,Siendo_Controlado_Emp3,5.18,Siendo_Controlado_Emp1,6.69,Siendo_Controlado_Emp2,7.03,En_Cola,7.1,En_Cola,8.05,En_Cola,9.37,En_Cola,9.83,,,,,,,,,,,,,,,,,,,,,,,,,,,,,,,,,,,,,,,,,,,,,,,,,,,,,,,,,,,,,,,,,,,,,,,,,,,,,,,,,,,,,,,,,,,,,,,,,,,,,,,,,,,,,,,,,,,,
21,LlegadaReloj,11.42,0.48,0.39,11.81,0.55,0.6,4.18,4.35,4.53,6.28,5.25,,,Ocupado,11.26,Ocupado,10.73,Ocupado,10.71,5,32.5400008893013,14,6,38.78,Fallado,0.08,OK,0.61,OK,0.64,OK,0.92,OK,2.01,Fallado,3.8,Siendo_Controlado_Emp3,5.18,Siendo_Controlado_Emp1,6.69,Siendo_Controlado_Emp2,7.03,En_Cola,7.1,En_Cola,8.05,En_Cola,9.37,En_Cola,9.83,En_Cola,11.42,,,,,,,,,,,,,,,,,,,,,,,,,,,,,,,,,,,,,,,,,,,,,,,,,,,,,,,,,,,,,,,,,,,,,,,,,,,,,,,,,,,,,,,,,,,,,,,,,,,,,,,,,,,,,,,,,,
22,LlegadaReloj,11.81,0.57,0.5,12.31,0.55,0.6,4.18,4.35,4.53,6.28,5.25,,,Ocupado,11.64,Ocupado,11.11,Ocupado,11.09,6,34.490000507831574,15,6,38.78,Fallado,0.08,OK,0.61,OK,0.64,OK,0.92,OK,2.01,Fallado,3.8,Siendo_Controlado_Emp3,5.18,Siendo_Controlado_Emp1,6.69,Siendo_Controlado_Emp2,7.03,En_Cola,7.1,En_Cola,8.05,En_Cola,9.37,En_Cola,9.83,En_Cola,11.42,En_Cola,11.81,,,,,,,,,,,,,,,,,,,,,,,,,,,,,,,,,,,,,,,,,,,,,,,,,,,,,,,,,,,,,,,,,,,,,,,,,,,,,,,,,,,,,,,,,,,,,,,,,,,,,,,,,,,,,,,,
23,LlegadaReloj,12.31,0.16,0.1,12.41,0.55,0.6,4.18,4.35,4.53,6.28,5.25,,,Ocupado,12.13,Ocupado,11.6,Ocupado,11.58,7,37.489997990131386,16,6,38.78,Fallado,0.08,OK,0.61,OK,0.64,OK,0.92,OK,2.01,Fallado,3.8,Siendo_Controlado_Emp3,5.18,Siendo_Controlado_Emp1,6.69,Siendo_Controlado_Emp2,7.03,En_Cola,7.1,En_Cola,8.05,En_Cola,9.37,En_Cola,9.83,En_Cola,11.42,En_Cola,11.81,En_Cola,12.31,,,,,,,,,,,,,,,,,,,,,,,,,,,,,,,,,,,,,,,,,,,,,,,,,,,,,,,,,,,,,,,,,,,,,,,,,,,,,,,,,,,,,,,,,,,,,,,,,,,,,,,,,,,,,,
24,LlegadaReloj,12.41,0.32,0.23,12.64,0.55,0.6,4.18,4.35,4.53,6.28,5.25,,,Ocupado,12.22,Ocupado,11.69,Ocupado,11.67,8,38.189995052814496,17,6,38.78,Fallado,0.08,OK,0.61,OK,0.64,OK,0.92,OK,2.01,Fallado,3.8,Siendo_Controlado_Emp3,5.18,Siendo_Controlado_Emp1,6.69,Siendo_Controlado_Emp2,7.03,En_Cola,7.1,En_Cola,8.05,En_Cola,9.37,En_Cola,9.83,En_Cola,11.42,En_Cola,11.81,En_Cola,12.31,En_Cola,12.41,,,,,,,,,,,,,,,,,,,,,,,,,,,,,,,,,,,,,,,,,,,,,,,,,,,,,,,,,,,,,,,,,,,,,,,,,,,,,,,,,,,,,,,,,,,,,,,,,,,,,,,,,,,,
25,LlegadaReloj,12.64,0.8,0.96,13.6,0.55,0.6,4.18,4.35,4.53,6.28,5.25,,,Ocupado,12.45,Ocupado,11.92,Ocupado,11.9,9,40.029996273517625,18,6,38.78,Fallado,0.08,OK,0.61,OK,0.64,OK,0.92,OK,2.01,Fallado,3.8,Siendo_Controlado_Emp3,5.18,Siendo_Controlado_Emp1,6.69,Siendo_Controlado_Emp2,7.03,En_Cola,7.1,En_Cola,8.05,En_Cola,9.37,En_Cola,9.83,En_Cola,11.42,En_Cola,11.81,En_Cola,12.31,En_Cola,12.41,En_Cola,12.64,,,,,,,,,,,,,,,,,,,,,,,,,,,,,,,,,,,,,,,,,,,,,,,,,,,,,,,,,,,,,,,,,,,,,,,,,,,,,,,,,,,,,,,,,,,,,,,,,,,,,,,,,,
26,LlegadaReloj,13.6,0.41,0.31,13.91,0.55,0.6,4.18,4.35,4.53,6.28,5.25,,,Ocupado,13.4,Ocupado,12.87,Ocupado,12.85,10,48.66999318361284,19,6,38.78,Fallado,0.08,OK,0.61,OK,0.64,OK,0.92,OK,2.01,Fallado,3.8,Siendo_Controlado_Emp3,5.18,Siendo_Controlado_Emp1,6.69,Siendo_Controlado_Emp2,7.03,En_Cola,7.1,En_Cola,8.05,En_Cola,9.37,En_Cola,9.83,En_Cola,11.42,En_Cola,11.81,En_Cola,12.31,En_Cola,12.41,En_Cola,12.64,En_Cola,13.6,,,,,,,,,,,,,,,,,,,,,,,,,,,,,,,,,,,,,,,,,,,,,,,,,,,,,,,,,,,,,,,,,,,,,,,,,,,,,,,,,,,,,,,,,,,,,,,,,,,,,,,,
27,LlegadaReloj,13.91,0.51,0.42,14.33,0.55,0.6,4.18,4.35,4.53,6.28,5.25,,,Ocupado,13.7,Ocupado,13.17,Ocupado,13.15,11,51.769989368915574,20,6,38.78,Fallado,0.08,OK,0.61,OK,0.64,OK,0.92,OK,2.01,Fallado,3.8,Siendo_Controlado_Emp3,5.18,Siendo_Controlado_Emp1,6.69,Siendo_Controlado_Emp2,7.03,En_Cola,7.1,En_Cola,8.05,En_Cola,9.37,En_Cola,9.83,En_Cola,11.42,En_Cola,11.81,En_Cola,12.31,En_Cola,12.41,En_Cola,12.64,En_Cola,13.6,En_Cola,13.91,,,,,,,,,,,,,,,,,,,,,,,,,,,,,,,,,,,,,,,,,,,,,,,,,,,,,,,,,,,,,,,,,,,,,,,,,,,,,,,,,,,,,,,,,,,,,,,,,,,,,,
28,FinControlReloj_8,14.21,,,14.33,0.55,0.6,4.18,4.35,4.53,6.28,5.25,0.28,OK,Ocupado,14,Ocupado,13.47,Ocupado,13.45,10,55.06999104738238,20,7,46.300000000000004,Fallado,0.08,OK,0.61,OK,0.64,OK,0.92,OK,2.01,Fallado,3.8,Siendo_Controlado_Emp3,5.18,OK,6.69,Siendo_Controlado_Emp2,7.03,Siendo_Controlado_Emp1,7.1,En_Cola,8.05,En_Cola,9.37,En_Cola,9.83,En_Cola,11.42,En_Cola,11.81,En_Cola,12.31,En_Cola,12.41,En_Cola,12.64,En_Cola,13.6,En_Cola,13.91,,,,,,,,,,,,,,,,,,,,,,,,,,,,,,,,,,,,,,,,,,,,,,,,,,,,,,,,,,,,,,,,,,,,,,,,,,,,,,,,,,,,,,,,,,,,,,,,,,,,,,
29,LlegadaReloj,14.33,0.35,0.25,14.58,0.55,0.6,4.18,4.35,4.53,6.28,5.25,,,Ocupado,14.11,Ocupado,13.58,Ocupado,13.56,11,56.26999066591266,21,7,46.300000000000004,Fallado,0.08,OK,0.61,OK,0.64,OK,0.92,OK,2.01,Fallado,3.8,Siendo_Controlado_Emp3,5.18,OK,6.69,Siendo_Controlado_Emp2,7.03,Siendo_Controlado_Emp1,7.1,En_Cola,8.05,En_Cola,9.37,En_Cola,9.83,En_Cola,11.42,En_Cola,11.81,En_Cola,12.31,En_Cola,12.41,En_Cola,12.64,En_Cola,13.6,En_Cola,13.91,En_Cola,14.33,,,,,,,,,,,,,,,,,,,,,,,,,,,,,,,,,,,,,,,,,,,,,,,,,,,,,,,,,,,,,,,,,,,,,,,,,,,,,,,,,,,,,,,,,,,,,,,,,,,,
30,LlegadaReloj,14.58,0.92,1.51,16.09,0.55,0.6,4.18,4.35,4.53,6.28,5.25,,,Ocupado,14.36,Ocupado,13.83,Ocupado,13.81,12,59.01999150514606,22,7,46.300000000000004,Fallado,0.08,OK,0.61,OK,0.64,OK,0.92,OK,2.01,Fallado,3.8,Siendo_Controlado_Emp3,5.18,OK,6.69,Siendo_Controlado_Emp2,7.03,Siendo_Controlado_Emp1,7.1,En_Cola,8.05,En_Cola,9.37,En_Cola,9.83,En_Cola,11.42,En_Cola,11.81,En_Cola,12.31,En_Cola,12.41,En_Cola,12.64,En_Cola,13.6,En_Cola,13.91,En_Cola,14.33,En_Cola,14.58,,,,,,,,,,,,,,,,,,,,,,,,,,,,,,,,,,,,,,,,,,,,,,,,,,,,,,,,,,,,,,,,,,,,,,,,,,,,,,,,,,,,,,,,,,,,,,,,,,
31,FinControlReloj_9,14.75,,,16.09,0.38,0.86,5.17,4.34,4.53,6.28,5.25,0.32,OK,Ocupado,14.53,Ocupado,14,Ocupado,13.98,11,61.0599924206734,22,8,54.02,Fallado,0.08,OK,0.61,OK,0.64,OK,0.92,OK,2.01,Fallado,3.8,Siendo_Controlado_Emp3,5.18,OK,6.69,OK,7.03,Siendo_Controlado_Emp1,7.1,Siendo_Controlado_Emp2,8.05,En_Cola,9.37,En_Cola,9.83,En_Cola,11.42,En_Cola,11.81,En_Cola,12.31,En_Cola,12.41,En_Cola,12.64,En_Cola,13.6,En_Cola,13.91,En_Cola,14.33,En_Cola,14.58,,,,,,,,,,,,,,,,,,,,,,,,,,,,,,,,,,,,,,,,,,,,,,,,,,,,,,,,,,,,,,,,,,,,,,,,,,,,,,,,,,,,,,,,,,,,,,,,,,
32,FinControlReloj_7,15,,,16.09,0.38,0.86,5.17,4.34,4.53,6.28,5.25,0.77,Fallado,Ocupado,14.78,Ocupado,14.25,Ocupado,14.23,10,63.8099924206734,22,9,63.84,Fallado,0.08,OK,0.61,OK,0.64,OK,0.92,OK,2.01,Fallado,3.8,Fallado,5.18,OK,6.69,OK,7.03,Siendo_Controlado_Emp1,7.1,Siendo_Controlado_Emp2,8.05,Siendo_Controlado_Emp3,9.37,En_Cola,9.83,En_Cola,11.42,En_Cola,11.81,En_Cola,12.31,En_Cola,12.41,En_Cola,12.64,En_Cola,13.6,En_Cola,13.91,En_Cola,14.33,En_Cola,14.58,,,,,,,,,,,,,,,,,,,,,,,,,,,,,,,,,,,,,,,,,,,,,,,,,,,,,,,,,,,,,,,,,,,,,,,,,,,,,,,,,,,,,,,,,,,,,,,,,,
33,LlegadaReloj,16.09,0.03,0.01,16.1,0.38,0.86,5.17,4.34,4.53,6.28,5.25,,,Ocupado,15.86,Ocupado,15.33,Ocupado,15.31,11,74.7099924206734,23,9,63.84,Fallado,0.08,OK,0.61,OK,0.64,OK,0.92,OK,2.01,Fallado,3.8,Fallado,5.18,OK,6.69,OK,7.03,Siendo_Controlado_Emp1,7.1,Siendo_Controlado_Emp2,8.05,Siendo_Controlado_Emp3,9.37,En_Cola,9.83,En_Cola,11.42,En_Cola,11.81,En_Cola,12.31,En_Cola,12.41,En_Cola,12.64,En_Cola,13.6,En_Cola,13.91,En_Cola,14.33,En_Cola,14.58,En_Cola,16.09,,,,,,,,,,,,,,,,,,,,,,,,,,,,,,,,,,,,,,,,,,,,,,,,,,,,,,,,,,,,,,,,,,,,,,,,,,,,,,,,,,,,,,,,,,,,,,,,
34,LlegadaReloj,16.1,0.28,0.19,16.29,0.38,0.86,5.17,4.34,4.53,6.28,5.25,,,Ocupado,15.86,Ocupado,15.33,Ocupado,15.31,12,74.81999074220661,24,9,63.84,Fallado,0.08,OK,0.61,OK,0.64,OK,0.92,OK,2.01,Fallado,3.8,Fallado,5.18,OK,6.69,OK,7.03,Siendo_Controlado_Emp1,7.1,Siendo_Controlado_Emp2,8.05,Siendo_Controlado_Emp3,9.37,En_Cola,9.83,En_Cola,11.42,En_Cola,11.81,En_Cola,12.31,En_Cola,12.41,En_Cola,12.64,En_Cola,13.6,En_Cola,13.91,En_Cola,14.33,En_Cola,14.58,En_Cola,16.09,En_Cola,16.1,,,,,,,,,,,,,,,,,,,,,,,,,,,,,,,,,,,,,,,,,,,,,,,,,,,,,,,,,,,,,,,,,,,,,,,,,,,,,,,,,,,,,,,,,,,,,,
35,LlegadaReloj,16.29,0.9,1.38,17.66,0.38,0.86,5.17,4.34,4.53,6.28,5.25,,,Ocupado,16.04,Ocupado,15.51,Ocupado,15.49,13,77.09998616456988,25,9,63.84,Fallado,0.08,OK,0.61,OK,0.64,OK,0.92,OK,2.01,Fallado,3.8,Fallado,5.18,OK,6.69,OK,7.03,Siendo_Controlado_Emp1,7.1,Siendo_Controlado_Emp2,8.05,Siendo_Controlado_Emp3,9.37,En_Cola,9.83,En_Cola,11.42,En_Cola,11.81,En_Cola,12.31,En_Cola,12.41,En_Cola,12.64,En_Cola,13.6,En_Cola,13.91,En_Cola,14.33,En_Cola,14.58,En_Cola,16.09,En_Cola,16.1,En_Cola,16.29,,,,,,,,,,,,,,,,,,,,,,,,,,,,,,,,,,,,,,,,,,,,,,,,,,,,,,,,,,,,,,,,,,,,,,,,,,,,,,,,,,,,,,,,,,,,
36,LlegadaReloj,17.66,0.52,0.44,18.1,0.38,0.86,5.17,4.34,4.53,6.28,5.25,,,Ocupado,17.4,Ocupado,16.87,Ocupado,16.85,14,94.90997426271441,26,9,63.84,Fallado,0.08,OK,0.61,OK,0.64,OK,0.92,OK,2.01,Fallado,3.8,Fallado,5.18,OK,6.69,OK,7.03,Siendo_Controlado_Emp1,7.1,Siendo_Controlado_Emp2,8.05,Siendo_Controlado_Emp3,9.37,En_Cola,9.83,En_Cola,11.42,En_Cola,11.81,En_Cola,12.31,En_Cola,12.41,En_Cola,12.64,En_Cola,13.6,En_Cola,13.91,En_Cola,14.33,En_Cola,14.58,En_Cola,16.09,En_Cola,16.1,En_Cola,16.29,En_Cola,17.66,,,,,,,,,,,,,,,,,,,,,,,,,,,,,,,,,,,,,,,,,,,,,,,,,,,,,,,,,,,,,,,,,,,,,,,,,,,,,,,,,,,,,,,,,,
37,LlegadaReloj,18.1,0.6,0.54,18.64,0.38,0.86,5.17,4.34,4.53,6.28,5.25,,,Ocupado,17.84,Ocupado,17.31,Ocupado,17.29,15,101.0699763989449,27,9,63.84,Fallado,0.08,OK,0.61,OK,0.64,OK,0.92,OK,2.01,Fallado,3.8,Fallado,5.18,OK,6.69,OK,7.03,Siendo_Controlado_Emp1,7.1,Siendo_Controlado_Emp2,8.05,Siendo_Controlado_Emp3,9.37,En_Cola,9.83,En_Cola,11.42,En_Cola,11.81,En_Cola,12.31,En_Cola,12.41,En_Cola,12.64,En_Cola,13.6,En_Cola,13.91,En_Cola,14.33,En_Cola,14.58,En_Cola,16.09,En_Cola,16.1,En_Cola,16.29,En_Cola,17.66,En_Cola,18.1,,,,,,,,,,,,,,,,,,,,,,,,,,,,,,,,,,,,,,,,,,,,,,,,,,,,,,,,,,,,,,,,,,,,,,,,,,,,,,,,,,,,,,,,
38,FinControlReloj_10,18.56,,,18.64,0.64,0.31,4.48,5.59,4.53,6.28,5.25,0.27,OK,Ocupado,18.29,Ocupado,17.76,Ocupado,17.74,14,107.96997067689898,27,10,75.3,Fallado,0.08,OK,0.61,OK,0.64,OK,0.92,OK,2.01,Fallado,3.8,Fallado,5.18,OK,6.69,OK,7.03,OK,7.1,Siendo_Controlado_Emp2,8.05,Siendo_Controlado_Emp3,9.37,Siendo_Controlado_Emp1,9.83,En_Cola,11.42,En_Cola,11.81,En_Cola,12.31,En_Cola,12.41,En_Cola,12.64,En_Cola,13.6,En_Cola,13.91,En_Cola,14.33,En_Cola,14.58,En_Cola,16.09,En_Cola,16.1,En_Cola,16.29,En_Cola,17.66,En_Cola,18.1,,,,,,,,,,,,,,,,,,,,,,,,,,,,,,,,,,,,,,,,,,,,,,,,,,,,,,,,,,,,,,,,,,,,,,,,,,,,,,,,,,,,,,,,
39,LlegadaReloj,18.64,0.72,0.76,19.4,0.64,0.31,4.48,5.59,4.53,6.28,5.25,,,Ocupado,18.37,Ocupado,17.84,Ocupado,17.82,15,109.08997815370563,28,10,75.3,Fallado,0.08,OK,0.61,OK,0.64,OK,0.92,OK,2.01,Fallado,3.8,Fallado,5.18,OK,6.69,OK,7.03,OK,7.1,Siendo_Controlado_Emp2,8.05,Siendo_Controlado_Emp3,9.37,Siendo_Controlado_Emp1,9.83,En_Cola,11.42,En_Cola,11.81,En_Cola,12.31,En_Cola,12.41,En_Cola,12.64,En_Cola,13.6,En_Cola,13.91,En_Cola,14.33,En_Cola,14.58,En_Cola,16.09,En_Cola,16.1,En_Cola,16.29,En_Cola,17.66,En_Cola,18.1,En_Cola,18.64,,,,,,,,,,,,,,,,,,,,,,,,,,,,,,,,,,,,,,,,,,,,,,,,,,,,,,,,,,,,,,,,,,,,,,,,,,,,,,,,,,,,,,
40,FinControlReloj_12,19.34,,,19.4,0.64,0.31,4.48,5.59,4.53,6.28,5.25,0.42,OK,Ocupado,19.07,Ocupado,18.54,Ocupado,18.52,14,119.58998730897906,28,11,85.27,Fallado,0.08,OK,0.61,OK,0.64,OK,0.92,OK,2.01,Fallado,3.8,Fallado,5.18,OK,6.69,OK,7.03,OK,7.1,Siendo_Controlado_Emp2,8.05,OK,9.37,Siendo_Controlado_Emp1,9.83,Siendo_Controlado_Emp3,11.42,En_Cola,11.81,En_Cola,12.31,En_Cola,12.41,En_Cola,12.64,En_Cola,13.6,En_Cola,13.91,En_Cola,14.33,En_Cola,14.58,En_Cola,16.09,En_Cola,16.1,En_Cola,16.29,En_Cola,17.66,En_Cola,18.1,En_Cola,18.64,,,,,,,,,,,,,,,,,,,,,,,,,,,,,,,,,,,,,,,,,,,,,,,,,,,,,,,,,,,,,,,,,,,,,,,,,,,,,,,,,,,,,,
41,LlegadaReloj,19.4,0.32,0.23,19.63,0.64,0.31,4.48,5.59,4.53,6.28,5.25,,,Ocupado,19.12,Ocupado,18.59,Ocupado,18.57,15,120.42998517274857,29,11,85.27,Fallado,0.08,OK,0.61,OK,0.64,OK,0.92,OK,2.01,Fallado,3.8,Fallado,5.18,OK,6.69,OK,7.03,OK,7.1,Siendo_Controlado_Emp2,8.05,OK,9.37,Siendo_Controlado_Emp1,9.83,Siendo_Controlado_Emp3,11.42,En_Cola,11.81,En_Cola,12.31,En_Cola,12.41,En_Cola,12.64,En_Cola,13.6,En_Cola,13.91,En_Cola,14.33,En_Cola,14.58,En_Cola,16.09,En_Cola,16.1,En_Cola,16.29,En_Cola,17.66,En_Cola,18.1,En_Cola,18.64,En_Cola,19.4,,,,,,,,,,,,,,,,,,,,,,,,,,,,,,,,,,,,,,,,,,,,,,,,,,,,,,,,,,,,,,,,,,,,,,,,,,,,,,,,,,,,
42,LlegadaReloj,19.63,0.57,0.5,20.13,0.64,0.31,4.48,5.59,4.53,6.28,5.25,,,Ocupado,19.35,Ocupado,18.82,Ocupado,18.8,16,123.87999089479446,30,11,85.27,Fallado,0.08,OK,0.61,OK,0.64,OK,0.92,OK,2.01,Fallado,3.8,Fallado,5.18,OK,6.69,OK,7.03,OK,7.1,Siendo_Controlado_Emp2,8.05,OK,9.37,Siendo_Controlado_Emp1,9.83,Siendo_Controlado_Emp3,11.42,En_Cola,11.81,En_Cola,12.31,En_Cola,12.41,En_Cola,12.64,En_Cola,13.6,En_Cola,13.91,En_Cola,14.33,En_Cola,14.58,En_Cola,16.09,En_Cola,16.1,En_Cola,16.29,En_Cola,17.66,En_Cola,18.1,En_Cola,18.64,En_Cola,19.4,En_Cola,19.63,,,,,,,,,,,,,,,,,,,,,,,,,,,,,,,,,,,,,,,,,,,,,,,,,,,,,,,,,,,,,,,,,,,,,,,,,,,,,,,,,,
43,FinControlReloj_11,19.92,,,20.13,0.02,0.52,4.68,4.78,4.53,6.28,5.25,0.8,Fallado,Ocupado,19.64,Ocupado,19.11,Ocupado,19.09,15,128.52000432252885,30,12,97.14,Fallado,0.08,OK,0.61,OK,0.64,OK,0.92,OK,2.01,Fallado,3.8,Fallado,5.18,OK,6.69,OK,7.03,OK,7.1,Fallado,8.05,OK,9.37,Siendo_Controlado_Emp1,9.83,Siendo_Controlado_Emp3,11.42,Siendo_Controlado_Emp2,11.81,En_Cola,12.31,En_Cola,12.41,En_Cola,12.64,En_Cola,13.6,En_Cola,13.91,En_Cola,14.33,En_Cola,14.58,En_Cola,16.09,En_Cola,16.1,En_Cola,16.29,En_Cola,17.66,En_Cola,18.1,En_Cola,18.64,En_Cola,19.4,En_Cola,19.63,,,,,,,,,,,,,,,,,,,,,,,,,,,,,,,,,,,,,,,,,,,,,,,,,,,,,,,,,,,,,,,,,,,,,,,,,,,,,,,,,,
44,LlegadaReloj,20.13,0.54,0.46,20.59,0.02,0.52,4.68,4.78,4.53,6.28,5.25,,,Ocupado,19.84,Ocupado,19.3,Ocupado,19.29,16,131.67000317811966,31,12,97.14,Fallado,0.08,OK,0.61,OK,0.64,OK,0.92,OK,2.01,Fallado,3.8,Fallado,5.18,OK,6.69,OK,7.03,OK,7.1,Fallado,8.05,OK,9.37,Siendo_Controlado_Emp1,9.83,Siendo_Controlado_Emp3,11.42,Siendo_Controlado_Emp2,11.81,En_Cola,12.31,En_Cola,12.41,En_Cola,12.64,En_Cola,13.6,En_Cola,13.91,En_Cola,14.33,En_Cola,14.58,En_Cola,16.09,En_Cola,16.1,En_Cola,16.29,En_Cola,17.66,En_Cola,18.1,En_Cola,18.64,En_Cola,19.4,En_Cola,19.63,En_Cola,20.13,,,,,,,,,,,,,,,,,,,,,,,,,,,,,,,,,,,,,,,,,,,,,,,,,,,,,,,,,,,,,,,,,,,,,,,,,,,,,,,,
45,LlegadaReloj,20.59,0.1,0.06,20.65,0.02,0.52,4.68,4.78,4.53,6.28,5.25,,,Ocupado,20.3,Ocupado,19.77,Ocupado,19.75,17,139.03001660585403,32,12,97.14,Fallado,0.08,OK,0.61,OK,0.64,OK,0.92,OK,2.01,Fallado,3.8,Fallado,5.18,OK,6.69,OK,7.03,OK,7.1,Fallado,8.05,OK,9.37,Siendo_Controlado_Emp1,9.83,Siendo_Controlado_Emp3,11.42,Siendo_Controlado_Emp2,11.81,En_Cola,12.31,En_Cola,12.41,En_Cola,12.64,En_Cola,13.6,En_Cola,13.91,En_Cola,14.33,En_Cola,14.58,En_Cola,16.09,En_Cola,16.1,En_Cola,16.29,En_Cola,17.66,En_Cola,18.1,En_Cola,18.64,En_Cola,19.4,En_Cola,19.63,En_Cola,20.13,En_Cola,20.59,,,,,,,,,,,,,,,,,,,,,,,,,,,,,,,,,,,,,,,,,,,,,,,,,,,,,,,,,,,,,,,,,,,,,,,,,,,,,,
46,LlegadaReloj,20.65,0.43,0.33,20.97,0.02,0.52,4.68,4.78,4.53,6.28,5.25,,,Ocupado,20.35,Ocupado,19.82,Ocupado,19.8,18,140.05001401185987,33,12,97.14,Fallado,0.08,OK,0.61,OK,0.64,OK,0.92,OK,2.01,Fallado,3.8,Fallado,5.18,OK,6.69,OK,7.03,OK,7.1,Fallado,8.05,OK,9.37,Siendo_Controlado_Emp1,9.83,Siendo_Controlado_Emp3,11.42,Siendo_Controlado_Emp2,11.81,En_Cola,12.31,En_Cola,12.41,En_Cola,12.64,En_Cola,13.6,En_Cola,13.91,En_Cola,14.33,En_Cola,14.58,En_Cola,16.09,En_Cola,16.1,En_Cola,16.29,En_Cola,17.66,En_Cola,18.1,En_Cola,18.64,En_Cola,19.4,En_Cola,19.63,En_Cola,20.13,En_Cola,20.59,En_Cola,20.65,,,,,,,,,,,,,,,,,,,,,,,,,,,,,,,,,,,,,,,,,,,,,,,,,,,,,,,,,,,,,,,,,,,,,,,,,,,,
47,LlegadaReloj,20.97,0.98,2.34,23.31,0.02,0.52,4.68,4.78,4.53,6.28,5.25,,,Ocupado,20.67,Ocupado,20.14,Ocupado,20.12,19,145.81002087831493,34,12,97.14,Fallado,0.08,OK,0.61,OK,0.64,OK,0.92,OK,2.01,Fallado,3.8,Fallado,5.18,OK,6.69,OK,7.03,OK,7.1,Fallado,8.05,OK,9.37,Siendo_Controlado_Emp1,9.83,Siendo_Controlado_Emp3,11.42,Siendo_Controlado_Emp2,11.81,En_Cola,12.31,En_Cola,12.41,En_Cola,12.64,En_Cola,13.6,En_Cola,13.91,En_Cola,14.33,En_Cola,14.58,En_Cola,16.09,En_Cola,16.1,En_Cola,16.29,En_Cola,17.66,En_Cola,18.1,En_Cola,18.64,En_Cola,19.4,En_Cola,19.63,En_Cola,20.13,En_Cola,20.59,En_Cola,20.65,En_Cola,20.97,,,,,,,,,,,,,,,,,,,,,,,,,,,,,,,,,,,,,,,,,,,,,,,,,,,,,,,,,,,,,,,,,,,,,,,,,,
48,FinControlReloj_13,23.04,,,23.31,0.02,0.52,4.68,4.78,4.53,6.28,5.25,0.04,OK,Ocupado,22.74,Ocupado,22.21,Ocupado,22.19,18,185.14003392457957,34,13,110.35,Fallado,0.08,OK,0.61,OK,0.64,OK,0.92,OK,2.01,Fallado,3.8,Fallado,5.18,OK,6.69,OK,7.03,OK,7.1,Fallado,8.05,OK,9.37,OK,9.83,Siendo_Controlado_Emp3,11.42,Siendo_Controlado_Emp2,11.81,Siendo_Controlado_Emp1,12.31,En_Cola,12.41,En_Cola,12.64,En_Cola,13.6,En_Cola,13.91,En_Cola,14.33,En_Cola,14.58,En_Cola,16.09,En_Cola,16.1,En_Cola,16.29,En_Cola,17.66,En_Cola,18.1,En_Cola,18.64,En_Cola,19.4,En_Cola,19.63,En_Cola,20.13,En_Cola,20.59,En_Cola,20.65,En_Cola,20.97,,,,,,,,,,,,,,,,,,,,,,,,,,,,,,,,,,,,,,,,,,,,,,,,,,,,,,,,,,,,,,,,,,,,,,,,,,
49,LlegadaReloj,23.31,0.76,0.85,24.16,0.02,0.52,4.68,4.78,4.53,6.28,5.25,,,Ocupado,23,Ocupado,22.47,Ocupado,22.45,19,190.00001744508737,35,13,110.35,Fallado,0.08,OK,0.61,OK,0.64,OK,0.92,OK,2.01,Fallado,3.8,Fallado,5.18,OK,6.69,OK,7.03,OK,7.1,Fallado,8.05,OK,9.37,OK,9.83,Siendo_Controlado_Emp3,11.42,Siendo_Controlado_Emp2,11.81,Siendo_Controlado_Emp1,12.31,En_Cola,12.41,En_Cola,12.64,En_Cola,13.6,En_Cola,13.91,En_Cola,14.33,En_Cola,14.58,En_Cola,16.09,En_Cola,16.1,En_Cola,16.29,En_Cola,17.66,En_Cola,18.1,En_Cola,18.64,En_Cola,19.4,En_Cola,19.63,En_Cola,20.13,En_Cola,20.59,En_Cola,20.65,En_Cola,20.97,En_Cola,23.31,,,,,,,,,,,,,,,,,,,,,,,,,,,,,,,,,,,,,,,,,,,,,,,,,,,,,,,,,,,,,,,,,,,,,,,,
50,LlegadaReloj,24.16,0.59,0.53,24.69,0.02,0.52,4.68,4.78,4.53,6.28,5.25,,,Ocupado,23.85,Ocupado,23.32,Ocupado,23.3,20,206.15002759218208,36,13,110.35,Fallado,0.08,OK,0.61,OK,0.64,OK,0.92,OK,2.01,Fallado,3.8,Fallado,5.18,OK,6.69,OK,7.03,OK,7.1,Fallado,8.05,OK,9.37,OK,9.83,Siendo_Controlado_Emp3,11.42,Siendo_Controlado_Emp2,11.81,Siendo_Controlado_Emp1,12.31,En_Cola,12.41,En_Cola,12.64,En_Cola,13.6,En_Cola,13.91,En_Cola,14.33,En_Cola,14.58,En_Cola,16.09,En_Cola,16.1,En_Cola,16.29,En_Cola,17.66,En_Cola,18.1,En_Cola,18.64,En_Cola,19.4,En_Cola,19.63,En_Cola,20.13,En_Cola,20.59,En_Cola,20.65,En_Cola,20.97,En_Cola,23.31,En_Cola,24.16,,,,,,,,,,,,,,,,,,,,,,,,,,,,,,,,,,,,,,,,,,,,,,,,,,,,,,,,,,,,,,,,,,,,,,
51,FinControlReloj_15,24.6,,,24.69,0.91,0.48,3.49,4.96,4.53,6.28,5.25,0.19,OK,Ocupado,24.29,Ocupado,23.76,Ocupado,23.74,19,214.95003064393993,36,14,123.14,Fallado,0.08,OK,0.61,OK,0.64,OK,0.92,OK,2.01,Fallado,3.8,Fallado,5.18,OK,6.69,OK,7.03,OK,7.1,Fallado,8.05,OK,9.37,OK,9.83,Siendo_Controlado_Emp3,11.42,OK,11.81,Siendo_Controlado_Emp1,12.31,Siendo_Controlado_Emp2,12.41,En_Cola,12.64,En_Cola,13.6,En_Cola,13.91,En_Cola,14.33,En_Cola,14.58,En_Cola,16.09,En_Cola,16.1,En_Cola,16.29,En_Cola,17.66,En_Cola,18.1,En_Cola,18.64,En_Cola,19.4,En_Cola,19.63,En_Cola,20.13,En_Cola,20.59,En_Cola,20.65,En_Cola,20.97,En_Cola,23.31,En_Cola,24.16,,,,,,,,,,,,,,,,,,,,,,,,,,,,,,,,,,,,,,,,,,,,,,,,,,,,,,,,,,,,,,,,,,,,,,
52,LlegadaReloj,24.69,0.94,1.68,26.37,0.91,0.48,3.49,4.96,4.53,6.28,5.25,,,Ocupado,24.37,Ocupado,23.84,Ocupado,23.82,20,216.66002339601513,37,14,123.14,Fallado,0.08,OK,0.61,OK,0.64,OK,0.92,OK,2.01,Fallado,3.8,Fallado,5.18,OK,6.69,OK,7.03,OK,7.1,Fallado,8.05,OK,9.37,OK,9.83,Siendo_Controlado_Emp3,11.42,OK,11.81,Siendo_Controlado_Emp1,12.31,Siendo_Controlado_Emp2,12.41,En_Cola,12.64,En_Cola,13.6,En_Cola,13.91,En_Cola,14.33,En_Cola,14.58,En_Cola,16.09,En_Cola,16.1,En_Cola,16.29,En_Cola,17.66,En_Cola,18.1,En_Cola,18.64,En_Cola,19.4,En_Cola,19.63,En_Cola,20.13,En_Cola,20.59,En_Cola,20.65,En_Cola,20.97,En_Cola,23.31,En_Cola,24.16,En_Cola,24.69,,,,,,,,,,,,,,,,,,,,,,,,,,,,,,,,,,,,,,,,,,,,,,,,,,,,,,,,,,,,,,,,,,,,
53,FinControlReloj_14,24.93,,,26.37,0.91,0.48,3.49,4.96,4.53,6.28,5.25,0.4,OK,Ocupado,24.6,Ocupado,24.07,Ocupado,24.05,19,221.46001271486278,37,15,136.65,Fallado,0.08,OK,0.61,OK,0.64,OK,0.92,OK,2.01,Fallado,3.8,Fallado,5.18,OK,6.69,OK,7.03,OK,7.1,Fallado,8.05,OK,9.37,OK,9.83,OK,11.42,OK,11.81,Siendo_Controlado_Emp1,12.31,Siendo_Controlado_Emp2,12.41,Siendo_Controlado_Emp3,12.64,En_Cola,13.6,En_Cola,13.91,En_Cola,14.33,En_Cola,14.58,En_Cola,16.09,En_Cola,16.1,En_Cola,16.29,En_Cola,17.66,En_Cola,18.1,En_Cola,18.64,En_Cola,19.4,En_Cola,19.63,En_Cola,20.13,En_Cola,20.59,En_Cola,20.65,En_Cola,20.97,En_Cola,23.31,En_Cola,24.16,En_Cola,24.69,,,,,,,,,,,,,,,,,,,,,,,,,,,,,,,,,,,,,,,,,,,,,,,,,,,,,,,,,,,,,,,,,,,,
54,LlegadaReloj,26.37,0.48,0.39,26.76,0.91,0.48,3.49,4.96,4.53,6.28,5.25,,,Ocupado,26.03,Ocupado,25.5,Ocupado,25.48,20,248.82000691652297,38,15,136.65,Fallado,0.08,OK,0.61,OK,0.64,OK,0.92,OK,2.01,Fallado,3.8,Fallado,5.18,OK,6.69,OK,7.03,OK,7.1,Fallado,8.05,OK,9.37,OK,9.83,OK,11.42,OK,11.81,Siendo_Controlado_Emp1,12.31,Siendo_Controlado_Emp2,12.41,Siendo_Controlado_Emp3,12.64,En_Cola,13.6,En_Cola,13.91,En_Cola,14.33,En_Cola,14.58,En_Cola,16.09,En_Cola,16.1,En_Cola,16.29,En_Cola,17.66,En_Cola,18.1,En_Cola,18.64,En_Cola,19.4,En_Cola,19.63,En_Cola,20.13,En_Cola,20.59,En_Cola,20.65,En_Cola,20.97,En_Cola,23.31,En_Cola,24.16,En_Cola,24.69,En_Cola,26.37,,,,,,,,,,,,,,,,,,,,,,,,,,,,,,,,,,,,,,,,,,,,,,,,,,,,,,,,,,,,,,,,,,
55,LlegadaReloj,26.76,0.39,0.29,27.05,0.91,0.48,3.49,4.96,4.53,6.28,5.25,,,Ocupado,26.41,Ocupado,25.88,Ocupado,25.86,21,256.61999013185505,39,15,136.65,Fallado,0.08,OK,0.61,OK,0.64,OK,0.92,OK,2.01,Fallado,3.8,Fallado,5.18,OK,6.69,OK,7.03,OK,7.1,Fallado,8.05,OK,9.37,OK,9.83,OK,11.42,OK,11.81,Siendo_Controlado_Emp1,12.31,Siendo_Controlado_Emp2,12.41,Siendo_Controlado_Emp3,12.64,En_Cola,13.6,En_Cola,13.91,En_Cola,14.33,En_Cola,14.58,En_Cola,16.09,En_Cola,16.1,En_Cola,16.29,En_Cola,17.66,En_Cola,18.1,En_Cola,18.64,En_Cola,19.4,En_Cola,19.63,En_Cola,20.13,En_Cola,20.59,En_Cola,20.65,En_Cola,20.97,En_Cola,23.31,En_Cola,24.16,En_Cola,24.69,En_Cola,26.37,En_Cola,26.76,,,,,,,,,,,,,,,,,,,,,,,,,,,,,,,,,,,,,,,,,,,,,,,,,,,,,,,,,,,,,,,,
56,LlegadaReloj,27.05,0.87,1.22,28.27,0.91,0.48,3.49,4.96,4.53,6.28,5.25,,,Ocupado,26.69,Ocupado,26.16,Ocupado,26.14,22,262.7099853253365,40,15,136.65,Fallado,0.08,OK,0.61,OK,0.64,OK,0.92,OK,2.01,Fallado,3.8,Fallado,5.18,OK,6.69,OK,7.03,OK,7.1,Fallado,8.05,OK,9.37,OK,9.83,OK,11.42,OK,11.81,Siendo_Controlado_Emp1,12.31,Siendo_Controlado_Emp2,12.41,Siendo_Controlado_Emp3,12.64,En_Cola,13.6,En_Cola,13.91,En_Cola,14.33,En_Cola,14.58,En_Cola,16.09,En_Cola,16.1,En_Cola,16.29,En_Cola,17.66,En_Cola,18.1,En_Cola,18.64,En_Cola,19.4,En_Cola,19.63,En_Cola,20.13,En_Cola,20.59,En_Cola,20.65,En_Cola,20.97,En_Cola,23.31,En_Cola,24.16,En_Cola,24.69,En_Cola,26.37,En_Cola,26.76,En_Cola,27.05,,,,,,,,,,,,,,,,,,,,,,,,,,,,,,,,,,,,,,,,,,,,,,,,,,,,,,,,,,,,,,
57,FinControlReloj_16,27.82,,,28.27,0.12,0.77,4.83,4.49,4.53,6.28,5.25,0.44,OK,Ocupado,27.46,Ocupado,26.93,Ocupado,26.91,21,279.6500021100045,40,16,152.16,Fallado,0.08,OK,0.61,OK,0.64,OK,0.92,OK,2.01,Fallado,3.8,Fallado,5.18,OK,6.69,OK,7.03,OK,7.1,Fallado,8.05,OK,9.37,OK,9.83,OK,11.42,OK,11.81,OK,12.31,Siendo_Controlado_Emp2,12.41,Siendo_Controlado_Emp3,12.64,Siendo_Controlado_Emp1,13.6,En_Cola,13.91,En_Cola,14.33,En_Cola,14.58,En_Cola,16.09,En_Cola,16.1,En_Cola,16.29,En_Cola,17.66,En_Cola,18.1,En_Cola,18.64,En_Cola,19.4,En_Cola,19.63,En_Cola,20.13,En_Cola,20.59,En_Cola,20.65,En_Cola,20.97,En_Cola,23.31,En_Cola,24.16,En_Cola,24.69,En_Cola,26.37,En_Cola,26.76,En_Cola,27.05,,,,,,,,,,,,,,,,,,,,,,,,,,,,,,,,,,,,,,,,,,,,,,,,,,,,,,,,,,,,,,
58,FinControlReloj_17,28.09,,,28.27,0.12,0.77,4.83,4.49,4.53,6.28,5.25,0.69,Fallado,Ocupado,27.73,Ocupado,27.2,Ocupado,27.18,20,285.3200085186959,40,17,167.84,Fallado,0.08,OK,0.61,OK,0.64,OK,0.92,OK,2.01,Fallado,3.8,Fallado,5.18,OK,6.69,OK,7.03,OK,7.1,Fallado,8.05,OK,9.37,OK,9.83,OK,11.42,OK,11.81,OK,12.31,Fallado,12.41,Siendo_Controlado_Emp3,12.64,Siendo_Controlado_Emp1,13.6,Siendo_Controlado_Emp2,13.91,En_Cola,14.33,En_Cola,14.58,En_Cola,16.09,En_Cola,16.1,En_Cola,16.29,En_Cola,17.66,En_Cola,18.1,En_Cola,18.64,En_Cola,19.4,En_Cola,19.63,En_Cola,20.13,En_Cola,20.59,En_Cola,20.65,En_Cola,20.97,En_Cola,23.31,En_Cola,24.16,En_Cola,24.69,En_Cola,26.37,En_Cola,26.76,En_Cola,27.05,,,,,,,,,,,,,,,,,,,,,,,,,,,,,,,,,,,,,,,,,,,,,,,,,,,,,,,,,,,,,,
59,LlegadaReloj,28.27,0.72,0.76,29.03,0.12,0.77,4.83,4.49,4.53,6.28,5.25,,,Ocupado,27.9,Ocupado,27.37,Ocupado,27.35,21,288.92000546693805,41,17,167.84,Fallado,0.08,OK,0.61,OK,0.64,OK,0.92,OK,2.01,Fallado,3.8,Fallado,5.18,OK,6.69,OK,7.03,OK,7.1,Fallado,8.05,OK,9.37,OK,9.83,OK,11.42,OK,11.81,OK,12.31,Fallado,12.41,Siendo_Controlado_Emp3,12.64,Siendo_Controlado_Emp1,13.6,Siendo_Controlado_Emp2,13.91,En_Cola,14.33,En_Cola,14.58,En_Cola,16.09,En_Cola,16.1,En_Cola,16.29,En_Cola,17.66,En_Cola,18.1,En_Cola,18.64,En_Cola,19.4,En_Cola,19.63,En_Cola,20.13,En_Cola,20.59,En_Cola,20.65,En_Cola,20.97,En_Cola,23.31,En_Cola,24.16,En_Cola,24.69,En_Cola,26.37,En_Cola,26.76,En_Cola,27.05,En_Cola,28.27,,,,,,,,,,,,,,,,,,,,,,,,,,,,,,,,,,,,,,,,,,,,,,,,,,,,,,,,,,,,
60,LlegadaReloj,29.03,0.7,0.72,29.75,0.12,0.77,4.83,4.49,4.53,6.28,5.25,,,Ocupado,28.65,Ocupado,28.12,Ocupado,28.1,22,304.87999585390094,42,17,167.84,Fallado,0.08,OK,0.61,OK,0.64,OK,0.92,OK,2.01,Fallado,3.8,Fallado,5.18,OK,6.69,OK,7.03,OK,7.1,Fallado,8.05,OK,9.37,OK,9.83,OK,11.42,OK,11.81,OK,12.31,Fallado,12.41,Siendo_Controlado_Emp3,12.64,Siendo_Controlado_Emp1,13.6,Siendo_Controlado_Emp2,13.91,En_Cola,14.33,En_Cola,14.58,En_Cola,16.09,En_Cola,16.1,En_Cola,16.29,En_Cola,17.66,En_Cola,18.1,En_Cola,18.64,En_Cola,19.4,En_Cola,19.63,En_Cola,20.13,En_Cola,20.59,En_Cola,20.65,En_Cola,20.97,En_Cola,23.31,En_Cola,24.16,En_Cola,24.69,En_Cola,26.37,En_Cola,26.76,En_Cola,27.05,En_Cola,28.27,En_Cola,29.03,,,,,,,,,,,,,,,,,,,,,,,,,,,,,,,,,,,,,,,,,,,,,,,,,,,,,,,,,,
61,LlegadaReloj,29.75,0.18,0.11,29.86,0.12,0.77,4.83,4.49,4.53,6.28,5.25,,,Ocupado,29.36,Ocupado,28.83,Ocupado,28.81,23,320.71998074769976,43,17,167.84,Fallado,0.08,OK,0.61,OK,0.64,OK,0.92,OK,2.01,Fallado,3.8,Fallado,5.18,OK,6.69,OK,7.03,OK,7.1,Fallado,8.05,OK,9.37,OK,9.83,OK,11.42,OK,11.81,OK,12.31,Fallado,12.41,Siendo_Controlado_Emp3,12.64,Siendo_Controlado_Emp1,13.6,Siendo_Controlado_Emp2,13.91,En_Cola,14.33,En_Cola,14.58,En_Cola,16.09,En_Cola,16.1,En_Cola,16.29,En_Cola,17.66,En_Cola,18.1,En_Cola,18.64,En_Cola,19.4,En_Cola,19.63,En_Cola,20.13,En_Cola,20.59,En_Cola,20.65,En_Cola,20.97,En_Cola,23.31,En_Cola,24.16,En_Cola,24.69,En_Cola,26.37,En_Cola,26.76,En_Cola,27.05,En_Cola,28.27,En_Cola,29.03,En_Cola,29.75,,,,,,,,,,,,,,,,,,,,,,,,,,,,,,,,,,,,,,,,,,,,,,,,,,,,,,,,
62,LlegadaReloj,29.86,0.82,1.02,30.88,0.12,0.77,4.83,4.49,4.53,6.28,5.25,,,Ocupado,29.46,Ocupado,28.93,Ocupado,28.91,24,323.24998074769974,44,17,167.84,Fallado,0.08,OK,0.61,OK,0.64,OK,0.92,OK,2.01,Fallado,3.8,Fallado,5.18,OK,6.69,OK,7.03,OK,7.1,Fallado,8.05,OK,9.37,OK,9.83,OK,11.42,OK,11.81,OK,12.31,Fallado,12.41,Siendo_Controlado_Emp3,12.64,Siendo_Controlado_Emp1,13.6,Siendo_Controlado_Emp2,13.91,En_Cola,14.33,En_Cola,14.58,En_Cola,16.09,En_Cola,16.1,En_Cola,16.29,En_Cola,17.66,En_Cola,18.1,En_Cola,18.64,En_Cola,19.4,En_Cola,19.63,En_Cola,20.13,En_Cola,20.59,En_Cola,20.65,En_Cola,20.97,En_Cola,23.31,En_Cola,24.16,En_Cola,24.69,En_Cola,26.37,En_Cola,26.76,En_Cola,27.05,En_Cola,28.27,En_Cola,29.03,En_Cola,29.75,En_Cola,29.86,,,,,,,,,,,,,,,,,,,,,,,,,,,,,,,,,,,,,,,,,,,,,,,,,,,,,,
63,FinControlReloj_18,29.89,,,30.88,0.82,0.68,4.32,3.79,4.53,6.28,5.25,0.05,OK,Ocupado,29.48,Ocupado,28.95,Ocupado,28.93,23,323.96996609926225,44,18,185.09,Fallado,0.08,OK,0.61,OK,0.64,OK,0.92,OK,2.01,Fallado,3.8,Fallado,5.18,OK,6.69,OK,7.03,OK,7.1,Fallado,8.05,OK,9.37,OK,9.83,OK,11.42,OK,11.81,OK,12.31,Fallado,12.41,OK,12.64,Siendo_Controlado_Emp1,13.6,Siendo_Controlado_Emp2,13.91,Siendo_Controlado_Emp3,14.33,En_Cola,14.58,En_Cola,16.09,En_Cola,16.1,En_Cola,16.29,En_Cola,17.66,En_Cola,18.1,En_Cola,18.64,En_Cola,19.4,En_Cola,19.63,En_Cola,20.13,En_Cola,20.59,En_Cola,20.65,En_Cola,20.97,En_Cola,23.31,En_Cola,24.16,En_Cola,24.69,En_Cola,26.37,En_Cola,26.76,En_Cola,27.05,En_Cola,28.27,En_Cola,29.03,En_Cola,29.75,En_Cola,29.86,,,,,,,,,,,,,,,,,,,,,,,,,,,,,,,,,,,,,,,,,,,,,,,,,,,,,,
64,LlegadaReloj,30.88,0.56,0.49,31.36,0.82,0.68,4.32,3.79,4.53,6.28,5.25,,,Ocupado,30.47,Ocupado,29.94,Ocupado,29.92,24,346.73998013734814,45,18,185.09,Fallado,0.08,OK,0.61,OK,0.64,OK,0.92,OK,2.01,Fallado,3.8,Fallado,5.18,OK,6.69,OK,7.03,OK,7.1,Fallado,8.05,OK,9.37,OK,9.83,OK,11.42,OK,11.81,OK,12.31,Fallado,12.41,OK,12.64,Siendo_Controlado_Emp1,13.6,Siendo_Controlado_Emp2,13.91,Siendo_Controlado_Emp3,14.33,En_Cola,14.58,En_Cola,16.09,En_Cola,16.1,En_Cola,16.29,En_Cola,17.66,En_Cola,18.1,En_Cola,18.64,En_Cola,19.4,En_Cola,19.63,En_Cola,20.13,En_Cola,20.59,En_Cola,20.65,En_Cola,20.97,En_Cola,23.31,En_Cola,24.16,En_Cola,24.69,En_Cola,26.37,En_Cola,26.76,En_Cola,27.05,En_Cola,28.27,En_Cola,29.03,En_Cola,29.75,En_Cola,29.86,En_Cola,30.88,,,,,,,,,,,,,,,,,,,,,,,,,,,,,,,,,,,,,,,,,,,,,,,,,,,,
65,LlegadaReloj,31.36,0.91,1.44,32.79,0.82,0.68,4.32,3.79,4.53,6.28,5.25,,,Ocupado,30.95,Ocupado,30.42,Ocupado,30.4,25,358.2600002789497,46,18,185.09,Fallado,0.08,OK,0.61,OK,0.64,OK,0.92,OK,2.01,Fallado,3.8,Fallado,5.18,OK,6.69,OK,7.03,OK,7.1,Fallado,8.05,OK,9.37,OK,9.83,OK,11.42,OK,11.81,OK,12.31,Fallado,12.41,OK,12.64,Siendo_Controlado_Emp1,13.6,Siendo_Controlado_Emp2,13.91,Siendo_Controlado_Emp3,14.33,En_Cola,14.58,En_Cola,16.09,En_Cola,16.1,En_Cola,16.29,En_Cola,17.66,En_Cola,18.1,En_Cola,18.64,En_Cola,19.4,En_Cola,19.63,En_Cola,20.13,En_Cola,20.59,En_Cola,20.65,En_Cola,20.97,En_Cola,23.31,En_Cola,24.16,En_Cola,24.69,En_Cola,26.37,En_Cola,26.76,En_Cola,27.05,En_Cola,28.27,En_Cola,29.03,En_Cola,29.75,En_Cola,29.86,En_Cola,30.88,En_Cola,31.36,,,,,,,,,,,,,,,,,,,,,,,,,,,,,,,,,,,,,,,,,,,,,,,,,,
66,FinControlReloj_20,32.58,,,32.79,0.82,0.68,4.32,3.79,4.53,6.28,5.25,0.43,OK,Ocupado,32.16,Ocupado,31.63,Ocupado,31.61,24,388.75998502016057,46,19,203.76,Fallado,0.08,OK,0.61,OK,0.64,OK,0.92,OK,2.01,Fallado,3.8,Fallado,5.18,OK,6.69,OK,7.03,OK,7.1,Fallado,8.05,OK,9.37,OK,9.83,OK,11.42,OK,11.81,OK,12.31,Fallado,12.41,OK,12.64,Siendo_Controlado_Emp1,13.6,OK,13.91,Siendo_Controlado_Emp3,14.33,Siendo_Controlado_Emp2,14.58,En_Cola,16.09,En_Cola,16.1,En_Cola,16.29,En_Cola,17.66,En_Cola,18.1,En_Cola,18.64,En_Cola,19.4,En_Cola,19.63,En_Cola,20.13,En_Cola,20.59,En_Cola,20.65,En_Cola,20.97,En_Cola,23.31,En_Cola,24.16,En_Cola,24.69,En_Cola,26.37,En_Cola,26.76,En_Cola,27.05,En_Cola,28.27,En_Cola,29.03,En_Cola,29.75,En_Cola,29.86,En_Cola,30.88,En_Cola,31.36,,,,,,,,,,,,,,,,,,,,,,,,,,,,,,,,,,,,,,,,,,,,,,,,,,
67,FinControlReloj_19,32.65,,,32.79,0.91,0.06,6.02,5.28,4.53,6.28,5.25,0.75,Fallado,Ocupado,32.22,Ocupado,31.69,Ocupado,31.67,23,390.43994107484804,46,20,222.81,Fallado,0.08,OK,0.61,OK,0.64,OK,0.92,OK,2.01,Fallado,3.8,Fallado,5.18,OK,6.69,OK,7.03,OK,7.1,Fallado,8.05,OK,9.37,OK,9.83,OK,11.42,OK,11.81,OK,12.31,Fallado,12.41,OK,12.64,Fallado,13.6,OK,13.91,Siendo_Controlado_Emp3,14.33,Siendo_Controlado_Emp2,14.58,Siendo_Controlado_Emp1,16.09,En_Cola,16.1,En_Cola,16.29,En_Cola,17.66,En_Cola,18.1,En_Cola,18.64,En_Cola,19.4,En_Cola,19.63,En_Cola,20.13,En_Cola,20.59,En_Cola,20.65,En_Cola,20.97,En_Cola,23.31,En_Cola,24.16,En_Cola,24.69,En_Cola,26.37,En_Cola,26.76,En_Cola,27.05,En_Cola,28.27,En_Cola,29.03,En_Cola,29.75,En_Cola,29.86,En_Cola,30.88,En_Cola,31.36,,,,,,,,,,,,,,,,,,,,,,,,,,,,,,,,,,,,,,,,,,,,,,,,,,
68,LlegadaReloj,32.79,0.11,0.06,32.85,0.91,0.06,6.02,5.28,4.53,6.28,5.25,,,Ocupado,32.35,Ocupado,31.82,Ocupado,31.8,24,393.65990597963315,47,20,222.81,Fallado,0.08,OK,0.61,OK,0.64,OK,0.92,OK,2.01,Fallado,3.8,Fallado,5.18,OK,6.69,OK,7.03,OK,7.1,Fallado,8.05,OK,9.37,OK,9.83,OK,11.42,OK,11.81,OK,12.31,Fallado,12.41,OK,12.64,Fallado,13.6,OK,13.91,Siendo_Controlado_Emp3,14.33,Siendo_Controlado_Emp2,14.58,Siendo_Controlado_Emp1,16.09,En_Cola,16.1,En_Cola,16.29,En_Cola,17.66,En_Cola,18.1,En_Cola,18.64,En_Cola,19.4,En_Cola,19.63,En_Cola,20.13,En_Cola,20.59,En_Cola,20.65,En_Cola,20.97,En_Cola,23.31,En_Cola,24.16,En_Cola,24.69,En_Cola,26.37,En_Cola,26.76,En_Cola,27.05,En_Cola,28.27,En_Cola,29.03,En_Cola,29.75,En_Cola,29.86,En_Cola,30.88,En_Cola,31.36,En_Cola,32.79,,,,,,,,,,,,,,,,,,,,,,,,,,,,,,,,,,,,,,,,,,,,,,,,
69,LlegadaReloj,32.85,0.04,0.02,32.87,0.91,0.06,6.02,5.28,4.53,6.28,5.25,,,Ocupado,32.4,Ocupado,31.87,Ocupado,31.85,25,395.09988400697694,48,20,222.81,Fallado,0.08,OK,0.61,OK,0.64,OK,0.92,OK,2.01,Fallado,3.8,Fallado,5.18,OK,6.69,OK,7.03,OK,7.1,Fallado,8.05,OK,9.37,OK,9.83,OK,11.42,OK,11.81,OK,12.31,Fallado,12.41,OK,12.64,Fallado,13.6,OK,13.91,Siendo_Controlado_Emp3,14.33,Siendo_Controlado_Emp2,14.58,Siendo_Controlado_Emp1,16.09,En_Cola,16.1,En_Cola,16.29,En_Cola,17.66,En_Cola,18.1,En_Cola,18.64,En_Cola,19.4,En_Cola,19.63,En_Cola,20.13,En_Cola,20.59,En_Cola,20.65,En_Cola,20.97,En_Cola,23.31,En_Cola,24.16,En_Cola,24.69,En_Cola,26.37,En_Cola,26.76,En_Cola,27.05,En_Cola,28.27,En_Cola,29.03,En_Cola,29.75,En_Cola,29.86,En_Cola,30.88,En_Cola,31.36,En_Cola,32.79,En_Cola,32.85,,,,,,,,,,,,,,,,,,,,,,,,,,,,,,,,,,,,,,,,,,,,,,
70,LlegadaReloj,32.87,0.76,0.85,33.72,0.91,0.06,6.02,5.28,4.53,6.28,5.25,,,Ocupado,32.42,Ocupado,31.89,Ocupado,31.87,26,395.59992215394954,49,20,222.81,Fallado,0.08,OK,0.61,OK,0.64,OK,0.92,OK,2.01,Fallado,3.8,Fallado,5.18,OK,6.69,OK,7.03,OK,7.1,Fallado,8.05,OK,9.37,OK,9.83,OK,11.42,OK,11.81,OK,12.31,Fallado,12.41,OK,12.64,Fallado,13.6,OK,13.91,Siendo_Controlado_Emp3,14.33,Siendo_Controlado_Emp2,14.58,Siendo_Controlado_Emp1,16.09,En_Cola,16.1,En_Cola,16.29,En_Cola,17.66,En_Cola,18.1,En_Cola,18.64,En_Cola,19.4,En_Cola,19.63,En_Cola,20.13,En_Cola,20.59,En_Cola,20.65,En_Cola,20.97,En_Cola,23.31,En_Cola,24.16,En_Cola,24.69,En_Cola,26.37,En_Cola,26.76,En_Cola,27.05,En_Cola,28.27,En_Cola,29.03,En_Cola,29.75,En_Cola,29.86,En_Cola,30.88,En_Cola,31.36,En_Cola,32.79,En_Cola,32.85,En_Cola,32.87,,,,,,,,,,,,,,,,,,,,,,,,,,,,,,,,,,,,,,,,,,,,
71,LlegadaReloj,33.72,0.34,0.24,33.96,0.91,0.06,6.02,5.28,4.53,6.28,5.25,,,Ocupado,33.27,Ocupado,32.74,Ocupado,32.72,27,417.6999499249456,50,20,222.81,Fallado,0.08,OK,0.61,OK,0.64,OK,0.92,OK,2.01,Fallado,3.8,Fallado,5.18,OK,6.69,OK,7.03,OK,7.1,Fallado,8.05,OK,9.37,OK,9.83,OK,11.42,OK,11.81,OK,12.31,Fallado,12.41,OK,12.64,Fallado,13.6,OK,13.91,Siendo_Controlado_Emp3,14.33,Siendo_Controlado_Emp2,14.58,Siendo_Controlado_Emp1,16.09,En_Cola,16.1,En_Cola,16.29,En_Cola,17.66,En_Cola,18.1,En_Cola,18.64,En_Cola,19.4,En_Cola,19.63,En_Cola,20.13,En_Cola,20.59,En_Cola,20.65,En_Cola,20.97,En_Cola,23.31,En_Cola,24.16,En_Cola,24.69,En_Cola,26.37,En_Cola,26.76,En_Cola,27.05,En_Cola,28.27,En_Cola,29.03,En_Cola,29.75,En_Cola,29.86,En_Cola,30.88,En_Cola,31.36,En_Cola,32.79,En_Cola,32.85,En_Cola,32.87,En_Cola,33.72,,,,,,,,,,,,,,,,,,,,,,,,,,,,,,,,,,,,,,,,,,
72,LlegadaReloj,33.96,0.01,0,33.96,0.91,0.06,6.02,5.28,4.53,6.28,5.25,,,Ocupado,33.5,Ocupado,32.97,Ocupado,32.95,28,424.17991696596124,51,20,222.81,Fallado,0.08,OK,0.61,OK,0.64,OK,0.92,OK,2.01,Fallado,3.8,Fallado,5.18,OK,6.69,OK,7.03,OK,7.1,Fallado,8.05,OK,9.37,OK,9.83,OK,11.42,OK,11.81,OK,12.31,Fallado,12.41,OK,12.64,Fallado,13.6,OK,13.91,Siendo_Controlado_Emp3,14.33,Siendo_Controlado_Emp2,14.58,Siendo_Controlado_Emp1,16.09,En_Cola,16.1,En_Cola,16.29,En_Cola,17.66,En_Cola,18.1,En_Cola,18.64,En_Cola,19.4,En_Cola,19.63,En_Cola,20.13,En_Cola,20.59,En_Cola,20.65,En_Cola,20.97,En_Cola,23.31,En_Cola,24.16,En_Cola,24.69,En_Cola,26.37,En_Cola,26.76,En_Cola,27.05,En_Cola,28.27,En_Cola,29.03,En_Cola,29.75,En_Cola,29.86,En_Cola,30.88,En_Cola,31.36,En_Cola,32.79,En_Cola,32.85,En_Cola,32.87,En_Cola,33.72,En_Cola,33.96,,,,,,,,,,,,,,,,,,,,,,,,,,,,,,,,,,,,,,,,
73,LlegadaReloj,33.96,0.68,0.68,34.64,0.91,0.06,6.02,5.28,4.53,6.28,5.25,,,Ocupado,33.5,Ocupado,32.97,Ocupado,32.95,29,424.1799426007269,52,20,222.81,Fallado,0.08,OK,0.61,OK,0.64,OK,0.92,OK,2.01,Fallado,3.8,Fallado,5.18,OK,6.69,OK,7.03,OK,7.1,Fallado,8.05,OK,9.37,OK,9.83,OK,11.42,OK,11.81,OK,12.31,Fallado,12.41,OK,12.64,Fallado,13.6,OK,13.91,Siendo_Controlado_Emp3,14.33,Siendo_Controlado_Emp2,14.58,Siendo_Controlado_Emp1,16.09,En_Cola,16.1,En_Cola,16.29,En_Cola,17.66,En_Cola,18.1,En_Cola,18.64,En_Cola,19.4,En_Cola,19.63,En_Cola,20.13,En_Cola,20.59,En_Cola,20.65,En_Cola,20.97,En_Cola,23.31,En_Cola,24.16,En_Cola,24.69,En_Cola,26.37,En_Cola,26.76,En_Cola,27.05,En_Cola,28.27,En_Cola,29.03,En_Cola,29.75,En_Cola,29.86,En_Cola,30.88,En_Cola,31.36,En_Cola,32.79,En_Cola,32.85,En_Cola,32.87,En_Cola,33.72,En_Cola,33.96,En_Cola,33.96,,,,,,,,,,,,,,,,,,,,,,,,,,,,,,,,,,,,,,
74,FinControlReloj_21,34.21,,,34.64,0.91,0.06,6.02,5.28,4.53,6.28,5.25,0.55,Fallado,Ocupado,33.75,Ocupado,33.22,Ocupado,33.2,28,431.4299691510199,52,21,242.69,Fallado,0.08,OK,0.61,OK,0.64,OK,0.92,OK,2.01,Fallado,3.8,Fallado,5.18,OK,6.69,OK,7.03,OK,7.1,Fallado,8.05,OK,9.37,OK,9.83,OK,11.42,OK,11.81,OK,12.31,Fallado,12.41,OK,12.64,Fallado,13.6,OK,13.91,Fallado,14.33,Siendo_Controlado_Emp2,14.58,Siendo_Controlado_Emp1,16.09,Siendo_Controlado_Emp3,16.1,En_Cola,16.29,En_Cola,17.66,En_Cola,18.1,En_Cola,18.64,En_Cola,19.4,En_Cola,19.63,En_Cola,20.13,En_Cola,20.59,En_Cola,20.65,En_Cola,20.97,En_Cola,23.31,En_Cola,24.16,En_Cola,24.69,En_Cola,26.37,En_Cola,26.76,En_Cola,27.05,En_Cola,28.27,En_Cola,29.03,En_Cola,29.75,En_Cola,29.86,En_Cola,30.88,En_Cola,31.36,En_Cola,32.79,En_Cola,32.85,En_Cola,32.87,En_Cola,33.72,En_Cola,33.96,En_Cola,33.96,,,,,,,,,,,,,,,,,,,,,,,,,,,,,,,,,,,,,,
75,LlegadaReloj,34.64,0.06,0.03,34.67,0.91,0.06,6.02,5.28,4.53,6.28,5.25,,,Ocupado,34.18,Ocupado,33.65,Ocupado,33.63,29,443.46999478578556,53,21,242.69,Fallado,0.08,OK,0.61,OK,0.64,OK,0.92,OK,2.01,Fallado,3.8,Fallado,5.18,OK,6.69,OK,7.03,OK,7.1,Fallado,8.05,OK,9.37,OK,9.83,OK,11.42,OK,11.81,OK,12.31,Fallado,12.41,OK,12.64,Fallado,13.6,OK,13.91,Fallado,14.33,Siendo_Controlado_Emp2,14.58,Siendo_Controlado_Emp1,16.09,Siendo_Controlado_Emp3,16.1,En_Cola,16.29,En_Cola,17.66,En_Cola,18.1,En_Cola,18.64,En_Cola,19.4,En_Cola,19.63,En_Cola,20.13,En_Cola,20.59,En_Cola,20.65,En_Cola,20.97,En_Cola,23.31,En_Cola,24.16,En_Cola,24.69,En_Cola,26.37,En_Cola,26.76,En_Cola,27.05,En_Cola,28.27,En_Cola,29.03,En_Cola,29.75,En_Cola,29.86,En_Cola,30.88,En_Cola,31.36,En_Cola,32.79,En_Cola,32.85,En_Cola,32.87,En_Cola,33.72,En_Cola,33.96,En_Cola,33.96,En_Cola,34.64,,,,,,,,,,,,,,,,,,,,,,,,,,,,,,,,,,,,
76,LlegadaReloj,34.67,0.29,0.2,34.87,0.91,0.06,6.02,5.28,4.53,6.28,5.25,,,Ocupado,34.21,Ocupado,33.68,Ocupado,33.66,30,444.34001248598094,54,21,242.69,Fallado,0.08,OK,0.61,OK,0.64,OK,0.92,OK,2.01,Fallado,3.8,Fallado,5.18,OK,6.69,OK,7.03,OK,7.1,Fallado,8.05,OK,9.37,OK,9.83,OK,11.42,OK,11.81,OK,12.31,Fallado,12.41,OK,12.64,Fallado,13.6,OK,13.91,Fallado,14.33,Siendo_Controlado_Emp2,14.58,Siendo_Controlado_Emp1,16.09,Siendo_Controlado_Emp3,16.1,En_Cola,16.29,En_Cola,17.66,En_Cola,18.1,En_Cola,18.64,En_Cola,19.4,En_Cola,19.63,En_Cola,20.13,En_Cola,20.59,En_Cola,20.65,En_Cola,20.97,En_Cola,23.31,En_Cola,24.16,En_Cola,24.69,En_Cola,26.37,En_Cola,26.76,En_Cola,27.05,En_Cola,28.27,En_Cola,29.03,En_Cola,29.75,En_Cola,29.86,En_Cola,30.88,En_Cola,31.36,En_Cola,32.79,En_Cola,32.85,En_Cola,32.87,En_Cola,33.72,En_Cola,33.96,En_Cola,33.96,En_Cola,34.64,En_Cola,34.67,,,,,,,,,,,,,,,,,,,,,,,,,,,,,,,,,,
77,LlegadaReloj,34.87,0.19,0.12,34.98,0.91,0.06,6.02,5.28,4.53,6.28,5.25,,,Ocupado,34.41,Ocupado,33.88,Ocupado,33.86,31,450.34006741762147,55,21,242.69,Fallado,0.08,OK,0.61,OK,0.64,OK,0.92,OK,2.01,Fallado,3.8,Fallado,5.18,OK,6.69,OK,7.03,OK,7.1,Fallado,8.05,OK,9.37,OK,9.83,OK,11.42,OK,11.81,OK,12.31,Fallado,12.41,OK,12.64,Fallado,13.6,OK,13.91,Fallado,14.33,Siendo_Controlado_Emp2,14.58,Siendo_Controlado_Emp1,16.09,Siendo_Controlado_Emp3,16.1,En_Cola,16.29,En_Cola,17.66,En_Cola,18.1,En_Cola,18.64,En_Cola,19.4,En_Cola,19.63,En_Cola,20.13,En_Cola,20.59,En_Cola,20.65,En_Cola,20.97,En_Cola,23.31,En_Cola,24.16,En_Cola,24.69,En_Cola,26.37,En_Cola,26.76,En_Cola,27.05,En_Cola,28.27,En_Cola,29.03,En_Cola,29.75,En_Cola,29.86,En_Cola,30.88,En_Cola,31.36,En_Cola,32.79,En_Cola,32.85,En_Cola,32.87,En_Cola,33.72,En_Cola,33.96,En_Cola,33.96,En_Cola,34.64,En_Cola,34.67,En_Cola,34.87,,,,,,,,,,,,,,,,,,,,,,,,,,,,,,,,
78,LlegadaReloj,34.98,0.42,0.32,35.29,0.91,0.06,6.02,5.28,4.53,6.28,5.25,,,Ocupado,34.52,Ocupado,33.99,Ocupado,33.97,32,453.7501005291936,56,21,242.69,Fallado,0.08,OK,0.61,OK,0.64,OK,0.92,OK,2.01,Fallado,3.8,Fallado,5.18,OK,6.69,OK,7.03,OK,7.1,Fallado,8.05,OK,9.37,OK,9.83,OK,11.42,OK,11.81,OK,12.31,Fallado,12.41,OK,12.64,Fallado,13.6,OK,13.91,Fallado,14.33,Siendo_Controlado_Emp2,14.58,Siendo_Controlado_Emp1,16.09,Siendo_Controlado_Emp3,16.1,En_Cola,16.29,En_Cola,17.66,En_Cola,18.1,En_Cola,18.64,En_Cola,19.4,En_Cola,19.63,En_Cola,20.13,En_Cola,20.59,En_Cola,20.65,En_Cola,20.97,En_Cola,23.31,En_Cola,24.16,En_Cola,24.69,En_Cola,26.37,En_Cola,26.76,En_Cola,27.05,En_Cola,28.27,En_Cola,29.03,En_Cola,29.75,En_Cola,29.86,En_Cola,30.88,En_Cola,31.36,En_Cola,32.79,En_Cola,32.85,En_Cola,32.87,En_Cola,33.72,En_Cola,33.96,En_Cola,33.96,En_Cola,34.64,En_Cola,34.67,En_Cola,34.87,En_Cola,34.98,,,,,,,,,,,,,,,,,,,,,,,,,,,,,,
79,LlegadaReloj,35.29,0.8,0.96,36.25,0.91,0.06,6.02,5.28,4.53,6.28,5.25,,,Ocupado,34.83,Ocupado,34.3,Ocupado,34.28,33,463.6701151776311,57,21,242.69,Fallado,0.08,OK,0.61,OK,0.64,OK,0.92,OK,2.01,Fallado,3.8,Fallado,5.18,OK,6.69,OK,7.03,OK,7.1,Fallado,8.05,OK,9.37,OK,9.83,OK,11.42,OK,11.81,OK,12.31,Fallado,12.41,OK,12.64,Fallado,13.6,OK,13.91,Fallado,14.33,Siendo_Controlado_Emp2,14.58,Siendo_Controlado_Emp1,16.09,Siendo_Controlado_Emp3,16.1,En_Cola,16.29,En_Cola,17.66,En_Cola,18.1,En_Cola,18.64,En_Cola,19.4,En_Cola,19.63,En_Cola,20.13,En_Cola,20.59,En_Cola,20.65,En_Cola,20.97,En_Cola,23.31,En_Cola,24.16,En_Cola,24.69,En_Cola,26.37,En_Cola,26.76,En_Cola,27.05,En_Cola,28.27,En_Cola,29.03,En_Cola,29.75,En_Cola,29.86,En_Cola,30.88,En_Cola,31.36,En_Cola,32.79,En_Cola,32.85,En_Cola,32.87,En_Cola,33.72,En_Cola,33.96,En_Cola,33.96,En_Cola,34.64,En_Cola,34.67,En_Cola,34.87,En_Cola,34.98,En_Cola,35.29,,,,,,,,,,,,,,,,,,,,,,,,,,,,
80,LlegadaReloj,36.25,0.02,0.01,36.26,0.91,0.06,6.02,5.28,4.53,6.28,5.25,,,Ocupado,35.78,Ocupado,35.25,Ocupado,35.23,34,495.35008496522875,58,21,242.69,Fallado,0.08,OK,0.61,OK,0.64,OK,0.92,OK,2.01,Fallado,3.8,Fallado,5.18,OK,6.69,OK,7.03,OK,7.1,Fallado,8.05,OK,9.37,OK,9.83,OK,11.42,OK,11.81,OK,12.31,Fallado,12.41,OK,12.64,Fallado,13.6,OK,13.91,Fallado,14.33,Siendo_Controlado_Emp2,14.58,Siendo_Controlado_Emp1,16.09,Siendo_Controlado_Emp3,16.1,En_Cola,16.29,En_Cola,17.66,En_Cola,18.1,En_Cola,18.64,En_Cola,19.4,En_Cola,19.63,En_Cola,20.13,En_Cola,20.59,En_Cola,20.65,En_Cola,20.97,En_Cola,23.31,En_Cola,24.16,En_Cola,24.69,En_Cola,26.37,En_Cola,26.76,En_Cola,27.05,En_Cola,28.27,En_Cola,29.03,En_Cola,29.75,En_Cola,29.86,En_Cola,30.88,En_Cola,31.36,En_Cola,32.79,En_Cola,32.85,En_Cola,32.87,En_Cola,33.72,En_Cola,33.96,En_Cola,33.96,En_Cola,34.64,En_Cola,34.67,En_Cola,34.87,En_Cola,34.98,En_Cola,35.29,En_Cola,36.25,,,,,,,,,,,,,,,,,,,,,,,,,,
81,LlegadaReloj,36.26,0.83,1.06,37.32,0.91,0.06,6.02,5.28,4.53,6.28,5.25,,,Ocupado,35.78,Ocupado,35.25,Ocupado,35.23,35,495.69008496522866,59,21,242.69,Fallado,0.08,OK,0.61,OK,0.64,OK,0.92,OK,2.01,Fallado,3.8,Fallado,5.18,OK,6.69,OK,7.03,OK,7.1,Fallado,8.05,OK,9.37,OK,9.83,OK,11.42,OK,11.81,OK,12.31,Fallado,12.41,OK,12.64,Fallado,13.6,OK,13.91,Fallado,14.33,Siendo_Controlado_Emp2,14.58,Siendo_Controlado_Emp1,16.09,Siendo_Controlado_Emp3,16.1,En_Cola,16.29,En_Cola,17.66,En_Cola,18.1,En_Cola,18.64,En_Cola,19.4,En_Cola,19.63,En_Cola,20.13,En_Cola,20.59,En_Cola,20.65,En_Cola,20.97,En_Cola,23.31,En_Cola,24.16,En_Cola,24.69,En_Cola,26.37,En_Cola,26.76,En_Cola,27.05,En_Cola,28.27,En_Cola,29.03,En_Cola,29.75,En_Cola,29.86,En_Cola,30.88,En_Cola,31.36,En_Cola,32.79,En_Cola,32.85,En_Cola,32.87,En_Cola,33.72,En_Cola,33.96,En_Cola,33.96,En_Cola,34.64,En_Cola,34.67,En_Cola,34.87,En_Cola,34.98,En_Cola,35.29,En_Cola,36.25,En_Cola,36.26,,,,,,,,,,,,,,,,,,,,,,,,
82,FinControlReloj_22,36.36,,,37.32,0.98,0.35,3.81,6.15,4.53,6.28,5.25,0.47,OK,Ocupado,35.88,Ocupado,35.35,Ocupado,35.33,34,499.1901437115665,59,22,264.47,Fallado,0.08,OK,0.61,OK,0.64,OK,0.92,OK,2.01,Fallado,3.8,Fallado,5.18,OK,6.69,OK,7.03,OK,7.1,Fallado,8.05,OK,9.37,OK,9.83,OK,11.42,OK,11.81,OK,12.31,Fallado,12.41,OK,12.64,Fallado,13.6,OK,13.91,Fallado,14.33,OK,14.58,Siendo_Controlado_Emp1,16.09,Siendo_Controlado_Emp3,16.1,Siendo_Controlado_Emp2,16.29,En_Cola,17.66,En_Cola,18.1,En_Cola,18.64,En_Cola,19.4,En_Cola,19.63,En_Cola,20.13,En_Cola,20.59,En_Cola,20.65,En_Cola,20.97,En_Cola,23.31,En_Cola,24.16,En_Cola,24.69,En_Cola,26.37,En_Cola,26.76,En_Cola,27.05,En_Cola,28.27,En_Cola,29.03,En_Cola,29.75,En_Cola,29.86,En_Cola,30.88,En_Cola,31.36,En_Cola,32.79,En_Cola,32.85,En_Cola,32.87,En_Cola,33.72,En_Cola,33.96,En_Cola,33.96,En_Cola,34.64,En_Cola,34.67,En_Cola,34.87,En_Cola,34.98,En_Cola,35.29,En_Cola,36.25,En_Cola,36.26,,,,,,,,,,,,,,,,,,,,,,,,
83,LlegadaReloj,37.32,0.18,0.11,37.43,0.98,0.35,3.81,6.15,4.53,6.28,5.25,,,Ocupado,36.83,Ocupado,36.3,Ocupado,36.28,35,531.8301229596134,60,22,264.47,Fallado,0.08,OK,0.61,OK,0.64,OK,0.92,OK,2.01,Fallado,3.8,Fallado,5.18,OK,6.69,OK,7.03,OK,7.1,Fallado,8.05,OK,9.37,OK,9.83,OK,11.42,OK,11.81,OK,12.31,Fallado,12.41,OK,12.64,Fallado,13.6,OK,13.91,Fallado,14.33,OK,14.58,Siendo_Controlado_Emp1,16.09,Siendo_Controlado_Emp3,16.1,Siendo_Controlado_Emp2,16.29,En_Cola,17.66,En_Cola,18.1,En_Cola,18.64,En_Cola,19.4,En_Cola,19.63,En_Cola,20.13,En_Cola,20.59,En_Cola,20.65,En_Cola,20.97,En_Cola,23.31,En_Cola,24.16,En_Cola,24.69,En_Cola,26.37,En_Cola,26.76,En_Cola,27.05,En_Cola,28.27,En_Cola,29.03,En_Cola,29.75,En_Cola,29.86,En_Cola,30.88,En_Cola,31.36,En_Cola,32.79,En_Cola,32.85,En_Cola,32.87,En_Cola,33.72,En_Cola,33.96,En_Cola,33.96,En_Cola,34.64,En_Cola,34.67,En_Cola,34.87,En_Cola,34.98,En_Cola,35.29,En_Cola,36.25,En_Cola,36.26,En_Cola,37.32,,,,,,,,,,,,,,,,,,,,,,
84,LlegadaReloj,37.43,0.96,1.93,39.36,0.98,0.35,3.81,6.15,4.53,6.28,5.25,,,Ocupado,36.94,Ocupado,36.41,Ocupado,36.39,36,535.6801336407657,61,22,264.47,Fallado,0.08,OK,0.61,OK,0.64,OK,0.92,OK,2.01,Fallado,3.8,Fallado,5.18,OK,6.69,OK,7.03,OK,7.1,Fallado,8.05,OK,9.37,OK,9.83,OK,11.42,OK,11.81,OK,12.31,Fallado,12.41,OK,12.64,Fallado,13.6,OK,13.91,Fallado,14.33,OK,14.58,Siendo_Controlado_Emp1,16.09,Siendo_Controlado_Emp3,16.1,Siendo_Controlado_Emp2,16.29,En_Cola,17.66,En_Cola,18.1,En_Cola,18.64,En_Cola,19.4,En_Cola,19.63,En_Cola,20.13,En_Cola,20.59,En_Cola,20.65,En_Cola,20.97,En_Cola,23.31,En_Cola,24.16,En_Cola,24.69,En_Cola,26.37,En_Cola,26.76,En_Cola,27.05,En_Cola,28.27,En_Cola,29.03,En_Cola,29.75,En_Cola,29.86,En_Cola,30.88,En_Cola,31.36,En_Cola,32.79,En_Cola,32.85,En_Cola,32.87,En_Cola,33.72,En_Cola,33.96,En_Cola,33.96,En_Cola,34.64,En_Cola,34.67,En_Cola,34.87,En_Cola,34.98,En_Cola,35.29,En_Cola,36.25,En_Cola,36.26,En_Cola,37.32,En_Cola,37.43,,,,,,,,,,,,,,,,,,,,
85,FinControlReloj_23,38.67,,,39.36,0.98,0.35,3.81,6.15,4.53,6.28,5.25,0.87,Fallado,Ocupado,38.17,Ocupado,37.64,Ocupado,37.62,35,580.3201226544377,61,23,287.05,Fallado,0.08,OK,0.61,OK,0.64,OK,0.92,OK,2.01,Fallado,3.8,Fallado,5.18,OK,6.69,OK,7.03,OK,7.1,Fallado,8.05,OK,9.37,OK,9.83,OK,11.42,OK,11.81,OK,12.31,Fallado,12.41,OK,12.64,Fallado,13.6,OK,13.91,Fallado,14.33,OK,14.58,Fallado,16.09,Siendo_Controlado_Emp3,16.1,Siendo_Controlado_Emp2,16.29,Siendo_Controlado_Emp1,17.66,En_Cola,18.1,En_Cola,18.64,En_Cola,19.4,En_Cola,19.63,En_Cola,20.13,En_Cola,20.59,En_Cola,20.65,En_Cola,20.97,En_Cola,23.31,En_Cola,24.16,En_Cola,24.69,En_Cola,26.37,En_Cola,26.76,En_Cola,27.05,En_Cola,28.27,En_Cola,29.03,En_Cola,29.75,En_Cola,29.86,En_Cola,30.88,En_Cola,31.36,En_Cola,32.79,En_Cola,32.85,En_Cola,32.87,En_Cola,33.72,En_Cola,33.96,En_Cola,33.96,En_Cola,34.64,En_Cola,34.67,En_Cola,34.87,En_Cola,34.98,En_Cola,35.29,En_Cola,36.25,En_Cola,36.26,En_Cola,37.32,En_Cola,37.43,,,,,,,,,,,,,,,,,,,,
86,LlegadaReloj,39.36,0.62,0.58,39.94,0.98,0.35,3.81,6.15,4.53,6.28,5.25,,,Ocupado,38.86,Ocupado,38.33,Ocupado,38.31,36,604.4701867413518,62,23,287.05,Fallado,0.08,OK,0.61,OK,0.64,OK,0.92,OK,2.01,Fallado,3.8,Fallado,5.18,OK,6.69,OK,7.03,OK,7.1,Fallado,8.05,OK,9.37,OK,9.83,OK,11.42,OK,11.81,OK,12.31,Fallado,12.41,OK,12.64,Fallado,13.6,OK,13.91,Fallado,14.33,OK,14.58,Fallado,16.09,Siendo_Controlado_Emp3,16.1,Siendo_Controlado_Emp2,16.29,Siendo_Controlado_Emp1,17.66,En_Cola,18.1,En_Cola,18.64,En_Cola,19.4,En_Cola,19.63,En_Cola,20.13,En_Cola,20.59,En_Cola,20.65,En_Cola,20.97,En_Cola,23.31,En_Cola,24.16,En_Cola,24.69,En_Cola,26.37,En_Cola,26.76,En_Cola,27.05,En_Cola,28.27,En_Cola,29.03,En_Cola,29.75,En_Cola,29.86,En_Cola,30.88,En_Cola,31.36,En_Cola,32.79,En_Cola,32.85,En_Cola,32.87,En_Cola,33.72,En_Cola,33.96,En_Cola,33.96,En_Cola,34.64,En_Cola,34.67,En_Cola,34.87,En_Cola,34.98,En_Cola,35.29,En_Cola,36.25,En_Cola,36.26,En_Cola,37.32,En_Cola,37.43,En_Cola,39.36,,,,,,,,,,,,,,,,,,
87,FinControlReloj_24,39.49,,,39.94,0.14,0.64,4.58,4.54,4.53,6.28,5.25,0.05,OK,Ocupado,38.98,Ocupado,38.45,Ocupado,38.43,35,609.1501647686956,62,24,310.44,Fallado,0.08,OK,0.61,OK,0.64,OK,0.92,OK,2.01,Fallado,3.8,Fallado,5.18,OK,6.69,OK,7.03,OK,7.1,Fallado,8.05,OK,9.37,OK,9.83,OK,11.42,OK,11.81,OK,12.31,Fallado,12.41,OK,12.64,Fallado,13.6,OK,13.91,Fallado,14.33,OK,14.58,Fallado,16.09,OK,16.1,Siendo_Controlado_Emp2,16.29,Siendo_Controlado_Emp1,17.66,Siendo_Controlado_Emp3,18.1,En_Cola,18.64,En_Cola,19.4,En_Cola,19.63,En_Cola,20.13,En_Cola,20.59,En_Cola,20.65,En_Cola,20.97,En_Cola,23.31,En_Cola,24.16,En_Cola,24.69,En_Cola,26.37,En_Cola,26.76,En_Cola,27.05,En_Cola,28.27,En_Cola,29.03,En_Cola,29.75,En_Cola,29.86,En_Cola,30.88,En_Cola,31.36,En_Cola,32.79,En_Cola,32.85,En_Cola,32.87,En_Cola,33.72,En_Cola,33.96,En_Cola,33.96,En_Cola,34.64,En_Cola,34.67,En_Cola,34.87,En_Cola,34.98,En_Cola,35.29,En_Cola,36.25,En_Cola,36.26,En_Cola,37.32,En_Cola,37.43,En_Cola,39.36,,,,,,,,,,,,,,,,,,
88,LlegadaReloj,39.94,0.79,0.93,40.86,0.14,0.64,4.58,4.54,4.53,6.28,5.25,,,Ocupado,39.42,Ocupado,38.89,Ocupado,38.87,36,624.9001060223577,63,24,310.44,Fallado,0.08,OK,0.61,OK,0.64,OK,0.92,OK,2.01,Fallado,3.8,Fallado,5.18,OK,6.69,OK,7.03,OK,7.1,Fallado,8.05,OK,9.37,OK,9.83,OK,11.42,OK,11.81,OK,12.31,Fallado,12.41,OK,12.64,Fallado,13.6,OK,13.91,Fallado,14.33,OK,14.58,Fallado,16.09,OK,16.1,Siendo_Controlado_Emp2,16.29,Siendo_Controlado_Emp1,17.66,Siendo_Controlado_Emp3,18.1,En_Cola,18.64,En_Cola,19.4,En_Cola,19.63,En_Cola,20.13,En_Cola,20.59,En_Cola,20.65,En_Cola,20.97,En_Cola,23.31,En_Cola,24.16,En_Cola,24.69,En_Cola,26.37,En_Cola,26.76,En_Cola,27.05,En_Cola,28.27,En_Cola,29.03,En_Cola,29.75,En_Cola,29.86,En_Cola,30.88,En_Cola,31.36,En_Cola,32.79,En_Cola,32.85,En_Cola,32.87,En_Cola,33.72,En_Cola,33.96,En_Cola,33.96,En_Cola,34.64,En_Cola,34.67,En_Cola,34.87,En_Cola,34.98,En_Cola,35.29,En_Cola,36.25,En_Cola,36.26,En_Cola,37.32,En_Cola,37.43,En_Cola,39.36,En_Cola,39.94,,,,,,,,,,,,,,,,
89,FinControlReloj_25,40.17,,,40.86,0.14,0.64,4.58,4.54,4.53,6.28,5.25,0.79,Fallado,Ocupado,39.65,Ocupado,39.11,Ocupado,39.1,35,633.1801554608344,63,25,334.32,Fallado,0.08,OK,0.61,OK,0.64,OK,0.92,OK,2.01,Fallado,3.8,Fallado,5.18,OK,6.69,OK,7.03,OK,7.1,Fallado,8.05,OK,9.37,OK,9.83,OK,11.42,OK,11.81,OK,12.31,Fallado,12.41,OK,12.64,Fallado,13.6,OK,13.91,Fallado,14.33,OK,14.58,Fallado,16.09,OK,16.1,Fallado,16.29,Siendo_Controlado_Emp1,17.66,Siendo_Controlado_Emp3,18.1,Siendo_Controlado_Emp2,18.64,En_Cola,19.4,En_Cola,19.63,En_Cola,20.13,En_Cola,20.59,En_Cola,20.65,En_Cola,20.97,En_Cola,23.31,En_Cola,24.16,En_Cola,24.69,En_Cola,26.37,En_Cola,26.76,En_Cola,27.05,En_Cola,28.27,En_Cola,29.03,En_Cola,29.75,En_Cola,29.86,En_Cola,30.88,En_Cola,31.36,En_Cola,32.79,En_Cola,32.85,En_Cola,32.87,En_Cola,33.72,En_Cola,33.96,En_Cola,33.96,En_Cola,34.64,En_Cola,34.67,En_Cola,34.87,En_Cola,34.98,En_Cola,35.29,En_Cola,36.25,En_Cola,36.26,En_Cola,37.32,En_Cola,37.43,En_Cola,39.36,En_Cola,39.94,,,,,,,,,,,,,,,,
90,LlegadaReloj,40.86,0.97,2.1,42.96,0.14,0.64,4.58,4.54,4.53,6.28,5.25,,,Ocupado,40.34,Ocupado,39.8,Ocupado,39.79,36,657.3302195477485,64,25,334.32,Fallado,0.08,OK,0.61,OK,0.64,OK,0.92,OK,2.01,Fallado,3.8,Fallado,5.18,OK,6.69,OK,7.03,OK,7.1,Fallado,8.05,OK,9.37,OK,9.83,OK,11.42,OK,11.81,OK,12.31,Fallado,12.41,OK,12.64,Fallado,13.6,OK,13.91,Fallado,14.33,OK,14.58,Fallado,16.09,OK,16.1,Fallado,16.29,Siendo_Controlado_Emp1,17.66,Siendo_Controlado_Emp3,18.1,Siendo_Controlado_Emp2,18.64,En_Cola,19.4,En_Cola,19.63,En_Cola,20.13,En_Cola,20.59,En_Cola,20.65,En_Cola,20.97,En_Cola,23.31,En_Cola,24.16,En_Cola,24.69,En_Cola,26.37,En_Cola,26.76,En_Cola,27.05,En_Cola,28.27,En_Cola,29.03,En_Cola,29.75,En_Cola,29.86,En_Cola,30.88,En_Cola,31.36,En_Cola,32.79,En_Cola,32.85,En_Cola,32.87,En_Cola,33.72,En_Cola,33.96,En_Cola,33.96,En_Cola,34.64,En_Cola,34.67,En_Cola,34.87,En_Cola,34.98,En_Cola,35.29,En_Cola,36.25,En_Cola,36.26,En_Cola,37.32,En_Cola,37.43,En_Cola,39.36,En_Cola,39.94,En_Cola,40.86,,,,,,,,,,,,,,
91,LlegadaReloj,42.96,0.28,0.19,43.15,0.14,0.64,4.58,4.54,4.53,6.28,5.25,,,Ocupado,42.43,Ocupado,41.89,Ocupado,41.88,37,732.9301975750923,65,25,334.32,Fallado,0.08,OK,0.61,OK,0.64,OK,0.92,OK,2.01,Fallado,3.8,Fallado,5.18,OK,6.69,OK,7.03,OK,7.1,Fallado,8.05,OK,9.37,OK,9.83,OK,11.42,OK,11.81,OK,12.31,Fallado,12.41,OK,12.64,Fallado,13.6,OK,13.91,Fallado,14.33,OK,14.58,Fallado,16.09,OK,16.1,Fallado,16.29,Siendo_Controlado_Emp1,17.66,Siendo_Controlado_Emp3,18.1,Siendo_Controlado_Emp2,18.64,En_Cola,19.4,En_Cola,19.63,En_Cola,20.13,En_Cola,20.59,En_Cola,20.65,En_Cola,20.97,En_Cola,23.31,En_Cola,24.16,En_Cola,24.69,En_Cola,26.37,En_Cola,26.76,En_Cola,27.05,En_Cola,28.27,En_Cola,29.03,En_Cola,29.75,En_Cola,29.86,En_Cola,30.88,En_Cola,31.36,En_Cola,32.79,En_Cola,32.85,En_Cola,32.87,En_Cola,33.72,En_Cola,33.96,En_Cola,33.96,En_Cola,34.64,En_Cola,34.67,En_Cola,34.87,En_Cola,34.98,En_Cola,35.29,En_Cola,36.25,En_Cola,36.26,En_Cola,37.32,En_Cola,37.43,En_Cola,39.36,En_Cola,39.94,En_Cola,40.86,En_Cola,42.96,,,,,,,,,,,,
92,LlegadaReloj,43.15,0.82,1.02,44.17,0.14,0.64,4.58,4.54,4.53,6.28,5.25,,,Ocupado,42.62,Ocupado,42.08,Ocupado,42.06,38,739.960231449604,66,25,334.32,Fallado,0.08,OK,0.61,OK,0.64,OK,0.92,OK,2.01,Fallado,3.8,Fallado,5.18,OK,6.69,OK,7.03,OK,7.1,Fallado,8.05,OK,9.37,OK,9.83,OK,11.42,OK,11.81,OK,12.31,Fallado,12.41,OK,12.64,Fallado,13.6,OK,13.91,Fallado,14.33,OK,14.58,Fallado,16.09,OK,16.1,Fallado,16.29,Siendo_Controlado_Emp1,17.66,Siendo_Controlado_Emp3,18.1,Siendo_Controlado_Emp2,18.64,En_Cola,19.4,En_Cola,19.63,En_Cola,20.13,En_Cola,20.59,En_Cola,20.65,En_Cola,20.97,En_Cola,23.31,En_Cola,24.16,En_Cola,24.69,En_Cola,26.37,En_Cola,26.76,En_Cola,27.05,En_Cola,28.27,En_Cola,29.03,En_Cola,29.75,En_Cola,29.86,En_Cola,30.88,En_Cola,31.36,En_Cola,32.79,En_Cola,32.85,En_Cola,32.87,En_Cola,33.72,En_Cola,33.96,En_Cola,33.96,En_Cola,34.64,En_Cola,34.67,En_Cola,34.87,En_Cola,34.98,En_Cola,35.29,En_Cola,36.25,En_Cola,36.26,En_Cola,37.32,En_Cola,37.43,En_Cola,39.36,En_Cola,39.94,En_Cola,40.86,En_Cola,42.96,En_Cola,43.15,,,,,,,,,,
93,FinControlReloj_27,44.07,,,44.17,0.49,0.25,4.8,5.49,4.53,6.28,5.25,0.28,OK,Ocupado,43.53,Ocupado,42.99,Ocupado,42.97,37,774.9201734662055,66,26,360.28999999999996,Fallado,0.08,OK,0.61,OK,0.64,OK,0.92,OK,2.01,Fallado,3.8,Fallado,5.18,OK,6.69,OK,7.03,OK,7.1,Fallado,8.05,OK,9.37,OK,9.83,OK,11.42,OK,11.81,OK,12.31,Fallado,12.41,OK,12.64,Fallado,13.6,OK,13.91,Fallado,14.33,OK,14.58,Fallado,16.09,OK,16.1,Fallado,16.29,Siendo_Controlado_Emp1,17.66,OK,18.1,Siendo_Controlado_Emp2,18.64,Siendo_Controlado_Emp3,19.4,En_Cola,19.63,En_Cola,20.13,En_Cola,20.59,En_Cola,20.65,En_Cola,20.97,En_Cola,23.31,En_Cola,24.16,En_Cola,24.69,En_Cola,26.37,En_Cola,26.76,En_Cola,27.05,En_Cola,28.27,En_Cola,29.03,En_Cola,29.75,En_Cola,29.86,En_Cola,30.88,En_Cola,31.36,En_Cola,32.79,En_Cola,32.85,En_Cola,32.87,En_Cola,33.72,En_Cola,33.96,En_Cola,33.96,En_Cola,34.64,En_Cola,34.67,En_Cola,34.87,En_Cola,34.98,En_Cola,35.29,En_Cola,36.25,En_Cola,36.26,En_Cola,37.32,En_Cola,37.43,En_Cola,39.36,En_Cola,39.94,En_Cola,40.86,En_Cola,42.96,En_Cola,43.15,,,,,,,,,,
94,LlegadaReloj,44.17,0.28,0.19,44.36,0.49,0.25,4.8,5.49,4.53,6.28,5.25,,,Ocupado,43.63,Ocupado,43.09,Ocupado,43.07,38,778.6201847577095,67,26,360.28999999999996,Fallado,0.08,OK,0.61,OK,0.64,OK,0.92,OK,2.01,Fallado,3.8,Fallado,5.18,OK,6.69,OK,7.03,OK,7.1,Fallado,8.05,OK,9.37,OK,9.83,OK,11.42,OK,11.81,OK,12.31,Fallado,12.41,OK,12.64,Fallado,13.6,OK,13.91,Fallado,14.33,OK,14.58,Fallado,16.09,OK,16.1,Fallado,16.29,Siendo_Controlado_Emp1,17.66,OK,18.1,Siendo_Controlado_Emp2,18.64,Siendo_Controlado_Emp3,19.4,En_Cola,19.63,En_Cola,20.13,En_Cola,20.59,En_Cola,20.65,En_Cola,20.97,En_Cola,23.31,En_Cola,24.16,En_Cola,24.69,En_Cola,26.37,En_Cola,26.76,En_Cola,27.05,En_Cola,28.27,En_Cola,29.03,En_Cola,29.75,En_Cola,29.86,En_Cola,30.88,En_Cola,31.36,En_Cola,32.79,En_Cola,32.85,En_Cola,32.87,En_Cola,33.72,En_Cola,33.96,En_Cola,33.96,En_Cola,34.64,En_Cola,34.67,En_Cola,34.87,En_Cola,34.98,En_Cola,35.29,En_Cola,36.25,En_Cola,36.26,En_Cola,37.32,En_Cola,37.43,En_Cola,39.36,En_Cola,39.94,En_Cola,40.86,En_Cola,42.96,En_Cola,43.15,En_Cola,44.17,,,,,,,,
95,LlegadaReloj,44.36,0.6,0.54,44.9,0.49,0.25,4.8,5.49,4.53,6.28,5.25,,,Ocupado,43.82,Ocupado,43.28,Ocupado,43.26,39,785.8402543377875,68,26,360.28999999999996,Fallado,0.08,OK,0.61,OK,0.64,OK,0.92,OK,2.01,Fallado,3.8,Fallado,5.18,OK,6.69,OK,7.03,OK,7.1,Fallado,8.05,OK,9.37,OK,9.83,OK,11.42,OK,11.81,OK,12.31,Fallado,12.41,OK,12.64,Fallado,13.6,OK,13.91,Fallado,14.33,OK,14.58,Fallado,16.09,OK,16.1,Fallado,16.29,Siendo_Controlado_Emp1,17.66,OK,18.1,Siendo_Controlado_Emp2,18.64,Siendo_Controlado_Emp3,19.4,En_Cola,19.63,En_Cola,20.13,En_Cola,20.59,En_Cola,20.65,En_Cola,20.97,En_Cola,23.31,En_Cola,24.16,En_Cola,24.69,En_Cola,26.37,En_Cola,26.76,En_Cola,27.05,En_Cola,28.27,En_Cola,29.03,En_Cola,29.75,En_Cola,29.86,En_Cola,30.88,En_Cola,31.36,En_Cola,32.79,En_Cola,32.85,En_Cola,32.87,En_Cola,33.72,En_Cola,33.96,En_Cola,33.96,En_Cola,34.64,En_Cola,34.67,En_Cola,34.87,En_Cola,34.98,En_Cola,35.29,En_Cola,36.25,En_Cola,36.26,En_Cola,37.32,En_Cola,37.43,En_Cola,39.36,En_Cola,39.94,En_Cola,40.86,En_Cola,42.96,En_Cola,43.15,En_Cola,44.17,En_Cola,44.36,,,,,,
96,FinControlReloj_28,44.71,,,44.9,0.49,0.25,4.8,5.49,4.53,6.28,5.25,0.46,OK,Ocupado,44.16,Ocupado,43.62,Ocupado,43.6,38,799.4902305340767,68,27,386.35999999999996,Fallado,0.08,OK,0.61,OK,0.64,OK,0.92,OK,2.01,Fallado,3.8,Fallado,5.18,OK,6.69,OK,7.03,OK,7.1,Fallado,8.05,OK,9.37,OK,9.83,OK,11.42,OK,11.81,OK,12.31,Fallado,12.41,OK,12.64,Fallado,13.6,OK,13.91,Fallado,14.33,OK,14.58,Fallado,16.09,OK,16.1,Fallado,16.29,Siendo_Controlado_Emp1,17.66,OK,18.1,OK,18.64,Siendo_Controlado_Emp3,19.4,Siendo_Controlado_Emp2,19.63,En_Cola,20.13,En_Cola,20.59,En_Cola,20.65,En_Cola,20.97,En_Cola,23.31,En_Cola,24.16,En_Cola,24.69,En_Cola,26.37,En_Cola,26.76,En_Cola,27.05,En_Cola,28.27,En_Cola,29.03,En_Cola,29.75,En_Cola,29.86,En_Cola,30.88,En_Cola,31.36,En_Cola,32.79,En_Cola,32.85,En_Cola,32.87,En_Cola,33.72,En_Cola,33.96,En_Cola,33.96,En_Cola,34.64,En_Cola,34.67,En_Cola,34.87,En_Cola,34.98,En_Cola,35.29,En_Cola,36.25,En_Cola,36.26,En_Cola,37.32,En_Cola,37.43,En_Cola,39.36,En_Cola,39.94,En_Cola,40.86,En_Cola,42.96,En_Cola,43.15,En_Cola,44.17,En_Cola,44.36,,,,,,
97,FinControlReloj_26,44.82,,,44.9,0.3,0.26,4.76,5.3,4.53,6.28,5.25,0.91,Fallado,Ocupado,44.27,Ocupado,43.73,Ocupado,43.71,37,803.6702653241157,68,28,413.52,Fallado,0.08,OK,0.61,OK,0.64,OK,0.92,OK,2.01,Fallado,3.8,Fallado,5.18,OK,6.69,OK,7.03,OK,7.1,Fallado,8.05,OK,9.37,OK,9.83,OK,11.42,OK,11.81,OK,12.31,Fallado,12.41,OK,12.64,Fallado,13.6,OK,13.91,Fallado,14.33,OK,14.58,Fallado,16.09,OK,16.1,Fallado,16.29,Fallado,17.66,OK,18.1,OK,18.64,Siendo_Controlado_Emp3,19.4,Siendo_Controlado_Emp2,19.63,Siendo_Controlado_Emp1,20.13,En_Cola,20.59,En_Cola,20.65,En_Cola,20.97,En_Cola,23.31,En_Cola,24.16,En_Cola,24.69,En_Cola,26.37,En_Cola,26.76,En_Cola,27.05,En_Cola,28.27,En_Cola,29.03,En_Cola,29.75,En_Cola,29.86,En_Cola,30.88,En_Cola,31.36,En_Cola,32.79,En_Cola,32.85,En_Cola,32.87,En_Cola,33.72,En_Cola,33.96,En_Cola,33.96,En_Cola,34.64,En_Cola,34.67,En_Cola,34.87,En_Cola,34.98,En_Cola,35.29,En_Cola,36.25,En_Cola,36.26,En_Cola,37.32,En_Cola,37.43,En_Cola,39.36,En_Cola,39.94,En_Cola,40.86,En_Cola,42.96,En_Cola,43.15,En_Cola,44.17,En_Cola,44.36,,,,,,
98,LlegadaReloj,44.9,0.2,0.13,45.03,0.3,0.26,4.76,5.3,4.53,6.28,5.25,,,Ocupado,44.35,Ocupado,43.81,Ocupado,43.79,38,806.6302766156196,69,28,413.52,Fallado,0.08,OK,0.61,OK,0.64,OK,0.92,OK,2.01,Fallado,3.8,Fallado,5.18,OK,6.69,OK,7.03,OK,7.1,Fallado,8.05,OK,9.37,OK,9.83,OK,11.42,OK,11.81,OK,12.31,Fallado,12.41,OK,12.64,Fallado,13.6,OK,13.91,Fallado,14.33,OK,14.58,Fallado,16.09,OK,16.1,Fallado,16.29,Fallado,17.66,OK,18.1,OK,18.64,Siendo_Controlado_Emp3,19.4,Siendo_Controlado_Emp2,19.63,Siendo_Controlado_Emp1,20.13,En_Cola,20.59,En_Cola,20.65,En_Cola,20.97,En_Cola,23.31,En_Cola,24.16,En_Cola,24.69,En_Cola,26.37,En_Cola,26.76,En_Cola,27.05,En_Cola,28.27,En_Cola,29.03,En_Cola,29.75,En_Cola,29.86,En_Cola,30.88,En_Cola,31.36,En_Cola,32.79,En_Cola,32.85,En_Cola,32.87,En_Cola,33.72,En_Cola,33.96,En_Cola,33.96,En_Cola,34.64,En_Cola,34.67,En_Cola,34.87,En_Cola,34.98,En_Cola,35.29,En_Cola,36.25,En_Cola,36.26,En_Cola,37.32,En_Cola,37.43,En_Cola,39.36,En_Cola,39.94,En_Cola,40.86,En_Cola,42.96,En_Cola,43.15,En_Cola,44.17,En_Cola,44.36,En_Cola,44.9,,,,
99,LlegadaReloj,45.03,0.11,0.06,45.09,0.3,0.26,4.76,5.3,4.53,6.28,5.25,,,Ocupado,44.47,Ocupado,43.93,Ocupado,43.91,39,811.5702186322212,70,28,413.52,Fallado,0.08,OK,0.61,OK,0.64,OK,0.92,OK,2.01,Fallado,3.8,Fallado,5.18,OK,6.69,OK,7.03,OK,7.1,Fallado,8.05,OK,9.37,OK,9.83,OK,11.42,OK,11.81,OK,12.31,Fallado,12.41,OK,12.64,Fallado,13.6,OK,13.91,Fallado,14.33,OK,14.58,Fallado,16.09,OK,16.1,Fallado,16.29,Fallado,17.66,OK,18.1,OK,18.64,Siendo_Controlado_Emp3,19.4,Siendo_Controlado_Emp2,19.63,Siendo_Controlado_Emp1,20.13,En_Cola,20.59,En_Cola,20.65,En_Cola,20.97,En_Cola,23.31,En_Cola,24.16,En_Cola,24.69,En_Cola,26.37,En_Cola,26.76,En_Cola,27.05,En_Cola,28.27,En_Cola,29.03,En_Cola,29.75,En_Cola,29.86,En_Cola,30.88,En_Cola,31.36,En_Cola,32.79,En_Cola,32.85,En_Cola,32.87,En_Cola,33.72,En_Cola,33.96,En_Cola,33.96,En_Cola,34.64,En_Cola,34.67,En_Cola,34.87,En_Cola,34.98,En_Cola,35.29,En_Cola,36.25,En_Cola,36.26,En_Cola,37.32,En_Cola,37.43,En_Cola,39.36,En_Cola,39.94,En_Cola,40.86,En_Cola,42.96,En_Cola,43.15,En_Cola,44.17,En_Cola,44.36,En_Cola,44.9,En_Cola,45.03,,
100,LlegadaReloj,45.09,0.27,0.18,45.27,0.3,0.26,4.76,5.3,4.53,6.28,5.25,,,Ocupado,44.53,Ocupado,43.99,Ocupado,43.97,40,813.9102662396432,71,28,413.52,Fallado,0.08,OK,0.61,OK,0.64,OK,0.92,OK,2.01,Fallado,3.8,Fallado,5.18,OK,6.69,OK,7.03,OK,7.1,Fallado,8.05,OK,9.37,OK,9.83,OK,11.42,OK,11.81,OK,12.31,Fallado,12.41,OK,12.64,Fallado,13.6,OK,13.91,Fallado,14.33,OK,14.58,Fallado,16.09,OK,16.1,Fallado,16.29,Fallado,17.66,OK,18.1,OK,18.64,Siendo_Controlado_Emp3,19.4,Siendo_Controlado_Emp2,19.63,Siendo_Controlado_Emp1,20.13,En_Cola,20.59,En_Cola,20.65,En_Cola,20.97,En_Cola,23.31,En_Cola,24.16,En_Cola,24.69,En_Cola,26.37,En_Cola,26.76,En_Cola,27.05,En_Cola,28.27,En_Cola,29.03,En_Cola,29.75,En_Cola,29.86,En_Cola,30.88,En_Cola,31.36,En_Cola,32.79,En_Cola,32.85,En_Cola,32.87,En_Cola,33.72,En_Cola,33.96,En_Cola,33.96,En_Cola,34.64,En_Cola,34.67,En_Cola,34.87,En_Cola,34.98,En_Cola,35.29,En_Cola,36.25,En_Cola,36.26,En_Cola,37.32,En_Cola,37.43,En_Cola,39.36,En_Cola,39.94,En_Cola,40.86,En_Cola,42.96,En_Cola,43.15,En_Cola,44.17,En_Cola,44.36,En_Cola,44.9,En_Cola,45.03,En_Cola,45.09


,Resultados
,Tiempo Medio Espera Reloj, 900759670.1 
,Tiempo Medio Reloj Sistema, 13602.96 
,Porcentaje Ocupacion Empleado 1, 4982301.76 
,Porcentaje Ocupacion Empleado 2, 4982301.76 
,Porcentaje Ocupacion Empleado 3, 4982301.76 
